Point No.,Normal Force [N],Gap [mm],Time [s]
1.0,7.347393,10.7175,2841
2.0,7.290287,10.7174,2842
3.0,7.253635,10.7174,2842
4.0,7.235314,10.7174,2843
5.0,7.217342,10.7174,2843
6.0,7.206029,10.7174,2844
7.0,7.197651,10.7174,2844
8.0,7.191729,10.7174,2845
9.0,7.184819,10.7174,2845
10.0,7.178955,10.7174,2846
11.0,7.173246,10.7174,2846
12.0,7.167234,10.7174,2847
13.0,7.163073,10.7173,2847
14.0,7.158318,10.7173,2848
15.0,7.155721,10.7173,2848
16.0,7.152883,10.7173,2849
17.0,7.149496,10.7173,2849
18.0,7.146889,10.7173,2850
19.0,7.145044,10.7173,2850
20.0,7.143106,10.7173,2851
21.0,7.141246,10.7173,2851
22.0,7.139657,10.7173,2852
23.0,7.138178,10.7173,2852
24.0,7.137840,10.7173,2853
25.0,7.135699,10.7173,2853
26.0,7.133891,10.7173,2854
27.0,7.132833,10.7173,2854
28.0,7.131117,10.7173,2855
29.0,7.130164,10.7173,2855
30.0,7.128327,10.7173,2856
31.0,7.127134,10.7173,2856
32.0,7.125251,10.7173,2857
33.0,7.125650,10.7173,2857
34.0,7.122915,10.7173,2858
35.0,7.122361,10.7173,2858
36.0,7.122179,10.7173,2859
37.0,7.120686,10.7173,2859
38.0,7.119649,10.7173,2860
39.0,7.117428,10.7173,2860
40.0,7.117211,10.7173,2861
