Point No.,Normal Force [N],Gap [mm],Time [s]
1.0,-0.029114,14.9561,143.1
2.0,-0.028924,14.8557,144.1
3.0,-0.029243,14.7556,145.1
4.0,-0.028663,14.6552,146.1
5.0,-0.028521,14.5548,147.1
6.0,-0.028953,14.4544,148.1
7.0,-0.028905,14.3539,149.1
8.0,-0.029256,14.2536,150.1
9.0,-0.028236,14.1531,151.1
10.0,-0.028989,14.0529,152.1
11.0,-0.028800,13.9525,153.1
12.0,-0.028458,13.8524,154.1
13.0,-0.028719,13.7521,155.1
14.0,-0.029278,13.6518,156.1
15.0,-0.029016,13.5513,157.1
16.0,-0.028877,13.4510,158.1
17.0,-0.028830,13.3505,159.1
18.0,-0.029120,13.2501,160.1
19.0,-0.028914,13.1497,161.1
20.0,-0.029186,13.0494,162.1
21.0,-0.028982,12.9491,163.1
22.0,-0.029293,12.8489,164.1
23.0,-0.029419,12.7487,165.1
24.0,-0.028835,12.6483,166.1
25.0,-0.029542,12.5479,167.1
26.0,-0.029776,12.4474,168.1
27.0,-0.029479,12.3470,169.1
28.0,-0.029049,12.2465,170.1
29.0,-0.029988,12.1463,171.1
30.0,-0.029517,12.0459,172.1
31.0,0.020722,11.9458,173.1
32.0,0.269577,11.8456,174.1
33.0,0.551332,11.7457,175.1
34.0,0.826565,11.6453,176.1
35.0,1.077902,11.5452,177.1
36.0,1.474637,11.4448,178.1
37.0,2.040833,11.3448,179.1
38.0,2.630617,11.2447,180.1
39.0,3.217518,11.1447,181.1
40.0,3.837845,11.0448,182.1
41.0,4.645716,10.9451,183.1
42.0,5.720709,10.8455,184.1
