Point No.,Normal Force [N],Gap [mm],Time [s]
1.0,-0.031296,14.9555,2369
2.0,-0.030614,14.8552,2370
3.0,-0.030362,14.7550,2371
4.0,-0.030291,14.6547,2372
5.0,-0.030214,14.5542,2373
6.0,-0.030870,14.4537,2374
7.0,-0.031382,14.3534,2375
8.0,-0.030905,14.2529,2376
9.0,-0.030687,14.1527,2377
10.0,-0.030844,14.0523,2378
11.0,-0.030897,13.9521,2379
12.0,-0.030689,13.8518,2380
13.0,-0.030368,13.7516,2381
14.0,-0.030260,13.6513,2382
15.0,-0.030326,13.5508,2383
16.0,-0.030573,13.4504,2384
17.0,-0.030410,13.3499,2385
18.0,-0.030658,13.2496,2386
19.0,-0.030772,13.1491,2387
20.0,-0.031025,13.0489,2388
21.0,-0.031185,12.9485,2389
22.0,-0.030326,12.8484,2390
23.0,-0.030508,12.7481,2391
24.0,-0.030615,12.6478,2392
25.0,-0.031039,12.5473,2393
26.0,-0.030812,12.4470,2394
27.0,-0.031254,12.3465,2395
28.0,-0.031974,12.2461,2396
29.0,-0.032431,12.1457,2397
30.0,-0.031503,12.0454,2398
31.0,0.012849,11.9452,2399
32.0,0.259781,11.8452,2400
33.0,0.553847,11.7450,2401
34.0,0.841658,11.6449,2402
35.0,1.097746,11.5446,2403
36.0,1.453343,11.4443,2404
37.0,2.002036,11.3442,2405
38.0,2.583906,11.2441,2406
39.0,3.151354,11.1441,2407
40.0,3.772763,11.0441,2408
41.0,4.582206,10.9445,2409
42.0,5.660530,10.8448,2410
