Point No.,Normal Force [N],Gap [mm],Time [s]
1.0,-0.031481,14.9522,3516
2.0,-0.031791,14.8520,3517
3.0,-0.031870,14.7517,3518
4.0,-0.031211,14.6514,3519
5.0,-0.031347,14.5509,3520
6.0,-0.030948,14.4505,3521
7.0,-0.030825,14.3501,3522
8.0,-0.031765,14.2497,3523
9.0,-0.031590,14.1494,3524
10.0,-0.032109,14.0490,3525
11.0,-0.031570,13.9489,3526
12.0,-0.031787,13.8485,3527
13.0,-0.031526,13.7484,3528
14.0,-0.032192,13.6479,3529
15.0,-0.032217,13.5476,3530
16.0,-0.032166,13.4471,3531
17.0,-0.031872,13.3467,3532
18.0,-0.031913,13.2462,3533
19.0,-0.030928,13.1459,3534
20.0,-0.031425,13.0457,3535
21.0,-0.031433,12.9453,3536
22.0,-0.031937,12.8452,3537
23.0,-0.031604,12.7448,3538
24.0,-0.031381,12.6445,3539
25.0,-0.032334,12.5440,3540
26.0,-0.032229,12.4436,3541
27.0,-0.032202,12.3432,3542
28.0,-0.032372,12.2428,3543
29.0,-0.032872,12.1424,3544
30.0,-0.032179,12.0422,3545
31.0,0.014182,11.9419,3546
32.0,0.251999,11.8419,3547
33.0,0.517331,11.7417,3548
34.0,0.787012,11.6416,3549
35.0,1.052114,11.5412,3550
36.0,1.449644,11.4411,3551
37.0,2.017644,11.3409,3552
38.0,2.596017,11.2410,3553
39.0,3.160306,11.1409,3554
40.0,3.786851,11.0410,3555
41.0,4.594275,10.9412,3556
42.0,5.664687,10.8416,3557
