Point No.,Normal Force [N],Gap [mm],Time [s]
1.0,7.264437,10.7193,5422
2.0,7.206069,10.7192,5422
3.0,7.171897,10.7192,5423
4.0,7.146934,10.7192,5423
5.0,7.132535,10.7192,5424
6.0,7.119470,10.7192,5424
7.0,7.108112,10.7192,5425
8.0,7.098495,10.7192,5425
9.0,7.091784,10.7192,5426
10.0,7.088160,10.7192,5426
11.0,7.084148,10.7192,5427
12.0,7.079308,10.7192,5427
13.0,7.074959,10.7192,5428
14.0,7.071707,10.7192,5428
15.0,7.067606,10.7192,5429
16.0,7.064482,10.7192,5429
17.0,7.061016,10.7192,5430
18.0,7.057879,10.7192,5430
19.0,7.054136,10.7192,5431
20.0,7.050835,10.7192,5431
21.0,7.049463,10.7192,5432
22.0,7.046838,10.7192,5432
23.0,7.044447,10.7192,5433
24.0,7.042534,10.7192,5433
25.0,7.041494,10.7192,5434
26.0,7.040518,10.7192,5434
27.0,7.038568,10.7192,5435
28.0,7.038015,10.7192,5435
29.0,7.037206,10.7192,5436
30.0,7.036411,10.7192,5436
31.0,7.035700,10.7192,5437
32.0,7.034770,10.7192,5437
33.0,7.034043,10.7192,5438
34.0,7.033021,10.7191,5438
35.0,7.032614,10.7191,5439
36.0,7.032151,10.7191,5439
37.0,7.031379,10.7191,5440
38.0,7.030470,10.7191,5440
39.0,7.029731,10.7191,5441
40.0,7.028525,10.7191,5441
