Point No.,Normal Force [N],Gap [mm],Time [s]
1.0,-0.032072,14.9558,5522
2.0,-0.030873,14.8556,5523
3.0,-0.031820,14.7554,5524
4.0,-0.031747,14.6550,5525
5.0,-0.032534,14.5546,5526
6.0,-0.031796,14.4542,5527
7.0,-0.032281,14.3537,5528
8.0,-0.032865,14.2534,5529
9.0,-0.032804,14.1529,5530
10.0,-0.032948,14.0528,5531
11.0,-0.032862,13.9524,5532
12.0,-0.032202,13.8523,5533
13.0,-0.032354,13.7519,5534
