Point No.,Normal Force [N],Gap [mm],Time [s]
1.0,-0.032219,14.9535,2799
2.0,-0.031929,14.8533,2800
3.0,-0.031512,14.7531,2801
4.0,-0.031400,14.6527,2802
5.0,-0.030721,14.5523,2803
6.0,-0.030968,14.4518,2804
7.0,-0.031445,14.3515,2805
8.0,-0.031192,14.2509,2806
9.0,-0.030767,14.1507,2807
10.0,-0.031054,14.0503,2808
11.0,-0.030967,13.9502,2809
12.0,-0.030917,13.8499,2810
13.0,-0.030008,13.7497,2811
14.0,-0.030631,13.6493,2812
15.0,-0.030891,13.5490,2813
16.0,-0.031309,13.4484,2814
17.0,-0.030347,13.3480,2815
18.0,-0.029848,13.2475,2816
19.0,-0.030264,13.1472,2817
20.0,-0.030474,13.0469,2818
21.0,-0.031276,12.9467,2819
22.0,-0.030922,12.8464,2820
23.0,-0.030947,12.7462,2821
24.0,-0.030946,12.6458,2822
25.0,-0.031616,12.5454,2823
26.0,-0.031759,12.4450,2824
27.0,-0.031772,12.3445,2825
28.0,-0.032082,12.2442,2826
29.0,-0.031699,12.1437,2827
30.0,-0.031954,12.0436,2828
31.0,0.013934,11.9432,2829
32.0,0.254611,11.8433,2830
33.0,0.527539,11.7430,2831
34.0,0.795995,11.6430,2832
35.0,1.051996,11.5425,2833
36.0,1.449729,11.4424,2834
37.0,2.018648,11.3423,2835
38.0,2.596392,11.2422,2836
39.0,3.160113,11.1422,2837
40.0,3.786748,11.0423,2838
41.0,4.592299,10.9426,2839
42.0,5.663533,10.8429,2840
