Point No.,Normal Force [N],Gap [mm],Time [s]
1.0,-0.030473,14.9849,4448
2.0,-0.030925,14.8848,4449
3.0,-0.030768,14.7845,4450
4.0,-0.030238,14.6843,4451
5.0,-0.030885,14.5837,4452
6.0,-0.030117,14.4834,4453
7.0,-0.030133,14.3828,4454
8.0,-0.030098,14.2825,4455
9.0,-0.030177,14.1821,4456
10.0,-0.030140,14.0817,4457
11.0,-0.030605,13.9816,4458
12.0,-0.030072,13.8813,4459
13.0,-0.031307,13.7812,4460
14.0,-0.030430,13.6807,4461
15.0,-0.030092,13.5804,4462
16.0,-0.031034,13.4799,4463
17.0,-0.030663,13.3795,4464
18.0,-0.030409,13.2790,4465
19.0,-0.030434,13.1787,4466
20.0,-0.031025,13.0784,4467
21.0,-0.030953,12.9782,4468
22.0,-0.031298,12.8779,4469
23.0,-0.030301,12.7777,4470
24.0,-0.031077,12.6773,4471
25.0,-0.029759,12.5769,4472
26.0,-0.031060,12.4765,4473
27.0,-0.031041,12.3760,4474
28.0,-0.030757,12.2756,4475
29.0,-0.031142,12.1752,4476
30.0,-0.032344,12.0750,4477
31.0,-0.019788,11.9746,4478
32.0,0.164829,11.8746,4479
33.0,0.421117,11.7744,4480
34.0,0.702305,11.6744,4481
35.0,0.958734,11.5740,4482
36.0,1.286629,11.4738,4483
37.0,1.824568,11.3736,4484
38.0,2.400179,11.2737,4485
39.0,2.973749,11.1736,4486
40.0,3.557232,11.0738,4487
41.0,4.290324,10.9739,4488
42.0,5.284723,10.8742,4489
