Point No.,Normal Force [N],Gap [mm],Time [s]
1.0,7.366687,10.7181,1621
2.0,7.309241,10.7181,1621
3.0,7.275261,10.7180,1622
4.0,7.252229,10.7180,1622
5.0,7.239842,10.7180,1623
6.0,7.226931,10.7180,1623
7.0,7.216347,10.7180,1624
8.0,7.208530,10.7180,1624
9.0,7.202947,10.7180,1625
10.0,7.198248,10.7180,1625
11.0,7.194681,10.7180,1626
12.0,7.190804,10.7180,1626
13.0,7.187649,10.7180,1627
14.0,7.184669,10.7180,1627
15.0,7.180693,10.7180,1628
16.0,7.177055,10.7180,1628
17.0,7.174431,10.7180,1629
18.0,7.170885,10.7180,1629
19.0,7.167411,10.7180,1630
20.0,7.164280,10.7180,1630
21.0,7.162703,10.7180,1631
22.0,7.159824,10.7180,1631
23.0,7.158116,10.7180,1632
24.0,7.154835,10.7180,1632
25.0,7.154313,10.7180,1633
26.0,7.151363,10.7180,1633
27.0,7.150420,10.7180,1634
28.0,7.148574,10.7180,1634
29.0,7.148226,10.7180,1635
30.0,7.146527,10.7180,1635
31.0,7.146257,10.7180,1636
32.0,7.144843,10.7180,1636
33.0,7.143524,10.7180,1637
34.0,7.143041,10.7180,1637
35.0,7.141211,10.7180,1638
36.0,7.140412,10.7180,1638
37.0,7.140031,10.7180,1639
38.0,7.139562,10.7180,1639
39.0,7.138213,10.7180,1640
40.0,7.137220,10.7180,1640
