Point No.,Normal Force [N],Gap [mm],Time [s]
1.0,-0.031476,14.9540,3301
2.0,-0.031343,14.8537,3302
3.0,-0.031439,14.7536,3303
4.0,-0.031338,14.6532,3304
5.0,-0.031154,14.5527,3305
6.0,-0.031141,14.4524,3306
7.0,-0.031267,14.3519,3307
8.0,-0.030865,14.2515,3308
9.0,-0.031193,14.1511,3309
10.0,-0.031476,14.0509,3310
11.0,-0.031176,13.9505,3311
12.0,-0.031508,13.8504,3312
13.0,-0.031029,13.7501,3313
14.0,-0.031720,13.6498,3314
15.0,-0.030711,13.5493,3315
16.0,-0.031325,13.4489,3316
17.0,-0.031737,13.3485,3317
18.0,-0.030687,13.2480,3318
19.0,-0.031329,13.1477,3319
20.0,-0.031413,13.0473,3320
21.0,-0.032067,12.9471,3321
22.0,-0.031368,12.8469,3322
23.0,-0.031021,12.7467,3323
24.0,-0.031572,12.6462,3324
25.0,-0.030291,12.5459,3325
26.0,-0.031432,12.4454,3326
27.0,-0.031240,12.3450,3327
28.0,-0.032524,12.2445,3328
29.0,-0.032750,12.1442,3329
30.0,-0.032454,12.0439,3330
31.0,0.011729,11.9438,3331
32.0,0.249823,11.8436,3332
33.0,0.517813,11.7437,3333
34.0,0.791078,11.6433,3334
35.0,1.048145,11.5431,3335
36.0,1.443694,11.4428,3336
37.0,2.012577,11.3428,3337
38.0,2.589804,11.2426,3338
39.0,3.153603,11.1427,3339
40.0,3.779331,11.0428,3340
41.0,4.585495,10.9430,3341
42.0,5.653324,10.8435,3342
