Point No.,Normal Force [N],Gap [mm],Time [s]
1.0,7.407995,10.7169,1836
2.0,7.351031,10.7168,1836
3.0,7.315985,10.7168,1837
4.0,7.296134,10.7168,1837
5.0,7.276383,10.7168,1838
6.0,7.261621,10.7168,1838
7.0,7.253937,10.7168,1839
8.0,7.247418,10.7168,1839
9.0,7.242201,10.7168,1840
10.0,7.237714,10.7168,1840
11.0,7.232572,10.7168,1841
12.0,7.228543,10.7168,1841
13.0,7.224456,10.7168,1842
14.0,7.219221,10.7168,1842
15.0,7.217214,10.7168,1843
16.0,7.212367,10.7168,1843
17.0,7.209377,10.7168,1844
18.0,7.207578,10.7168,1844
19.0,7.205506,10.7168,1845
20.0,7.203520,10.7167,1845
21.0,7.201101,10.7167,1846
22.0,7.200064,10.7167,1846
23.0,7.198577,10.7167,1847
24.0,7.197630,10.7167,1847
25.0,7.195064,10.7167,1848
26.0,7.194707,10.7167,1848
27.0,7.193607,10.7167,1849
28.0,7.191969,10.7167,1849
29.0,7.191072,10.7167,1850
30.0,7.189389,10.7167,1850
31.0,7.188130,10.7167,1851
32.0,7.187143,10.7167,1851
33.0,7.185739,10.7167,1852
34.0,7.184215,10.7167,1852
35.0,7.183996,10.7167,1853
36.0,7.182454,10.7167,1853
37.0,7.181252,10.7167,1854
38.0,7.180124,10.7167,1854
39.0,7.179317,10.7167,1855
40.0,7.177763,10.7167,1855
