Point No.,Normal Force [N],Gap [mm],Time [s]
1.0,7.292669,10.7205,4633
2.0,7.236821,10.7205,4634
3.0,7.201202,10.7205,4634
4.0,7.180682,10.7205,4635
5.0,7.160098,10.7205,4635
6.0,7.146996,10.7205,4636
7.0,7.138936,10.7205,4636
8.0,7.131556,10.7205,4637
9.0,7.124457,10.7205,4637
10.0,7.118483,10.7204,4638
11.0,7.113719,10.7204,4638
12.0,7.108000,10.7204,4639
13.0,7.104397,10.7204,4639
14.0,7.099885,10.7204,4640
15.0,7.097654,10.7204,4640
16.0,7.094524,10.7204,4641
17.0,7.092829,10.7204,4641
18.0,7.091142,10.7204,4642
19.0,7.089052,10.7204,4642
20.0,7.086562,10.7204,4643
21.0,7.084665,10.7204,4643
22.0,7.083124,10.7204,4644
23.0,7.080541,10.7204,4644
24.0,7.079706,10.7204,4645
25.0,7.077334,10.7204,4645
26.0,7.075982,10.7204,4646
27.0,7.073647,10.7204,4646
28.0,7.072505,10.7204,4647
29.0,7.071216,10.7204,4647
30.0,7.069995,10.7204,4648
31.0,7.067257,10.7204,4648
32.0,7.066130,10.7204,4649
33.0,7.066661,10.7204,4649
34.0,7.064586,10.7204,4650
35.0,7.062680,10.7204,4650
36.0,7.059997,10.7204,4651
37.0,7.057519,10.7204,4651
38.0,7.057579,10.7204,4652
39.0,7.055206,10.7204,4652
40.0,7.054121,10.7204,4653
