Point No.,Normal Force [N],Gap [mm],Time [s]
1.0,7.387462,10.7175,1333
2.0,7.333365,10.7174,1334
3.0,7.299548,10.7174,1334
4.0,7.272772,10.7174,1335
5.0,7.256512,10.7174,1335
6.0,7.247469,10.7174,1336
7.0,7.238810,10.7174,1336
8.0,7.231193,10.7174,1337
9.0,7.223547,10.7174,1337
10.0,7.217432,10.7174,1338
11.0,7.213045,10.7174,1338
12.0,7.208724,10.7174,1339
13.0,7.205759,10.7174,1339
14.0,7.202446,10.7174,1340
15.0,7.198915,10.7174,1340
16.0,7.197011,10.7174,1341
17.0,7.195284,10.7174,1341
18.0,7.192146,10.7174,1342
19.0,7.190432,10.7174,1342
20.0,7.188940,10.7174,1343
21.0,7.186739,10.7174,1343
22.0,7.183906,10.7174,1344
23.0,7.182476,10.7174,1344
24.0,7.179565,10.7174,1345
25.0,7.179672,10.7174,1345
26.0,7.176695,10.7174,1346
27.0,7.174831,10.7174,1346
28.0,7.172897,10.7174,1347
29.0,7.171252,10.7174,1347
30.0,7.168963,10.7174,1348
31.0,7.167258,10.7174,1348
32.0,7.165060,10.7173,1349
33.0,7.164773,10.7173,1349
34.0,7.163095,10.7173,1350
35.0,7.161093,10.7173,1350
36.0,7.160335,10.7173,1351
37.0,7.159033,10.7173,1351
38.0,7.158122,10.7173,1352
39.0,7.156742,10.7173,1352
40.0,7.155001,10.7173,1353
