Point No.,Normal Force [N],Gap [mm],Time [s]
1.0,7.388731,10.7187,543.8
2.0,7.332476,10.7187,544.3
3.0,7.301124,10.7187,544.8
4.0,7.275244,10.7187,545.3
5.0,7.258480,10.7187,545.8
6.0,7.249565,10.7187,546.3
7.0,7.241880,10.7187,546.8
8.0,7.233887,10.7186,547.3
9.0,7.227799,10.7186,547.8
10.0,7.221258,10.7186,548.3
11.0,7.215471,10.7186,548.8
12.0,7.212058,10.7186,549.3
13.0,7.207446,10.7186,549.8
14.0,7.205244,10.7186,550.3
15.0,7.202819,10.7186,550.8
16.0,7.200083,10.7186,551.3
17.0,7.197877,10.7186,551.8
18.0,7.195946,10.7186,552.3
19.0,7.193738,10.7186,552.8
20.0,7.192321,10.7186,553.3
21.0,7.189393,10.7186,553.8
22.0,7.188159,10.7186,554.3
23.0,7.186290,10.7186,554.8
24.0,7.184091,10.7186,555.3
25.0,7.182922,10.7186,555.8
26.0,7.181452,10.7186,556.3
27.0,7.177742,10.7186,556.8
28.0,7.176454,10.7186,557.3
29.0,7.175458,10.7186,557.8
30.0,7.173442,10.7186,558.3
31.0,7.171976,10.7186,558.8
32.0,7.170807,10.7186,559.3
33.0,7.169154,10.7186,559.8
34.0,7.166997,10.7186,560.3
35.0,7.166077,10.7186,560.8
36.0,7.164165,10.7186,561.3
37.0,7.163138,10.7186,561.8
38.0,7.161513,10.7186,562.3
39.0,7.159716,10.7186,562.8
40.0,7.158876,10.7186,563.3
