Point No.,Normal Force [N],Gap [mm],Time [s]
1.0,7.449863,10.7163,758.8
2.0,7.395691,10.7162,759.3
3.0,7.360825,10.7162,759.8
4.0,7.340245,10.7162,760.3
5.0,7.322319,10.7162,760.8
6.0,7.310928,10.7162,761.3
7.0,7.303338,10.7162,761.8
8.0,7.295466,10.7162,762.3
9.0,7.288124,10.7162,762.8
10.0,7.282266,10.7162,763.3
11.0,7.274854,10.7162,763.8
12.0,7.270560,10.7162,764.3
13.0,7.265434,10.7162,764.8
14.0,7.262469,10.7162,765.3
15.0,7.259455,10.7162,765.8
16.0,7.257111,10.7162,766.3
17.0,7.255096,10.7162,766.8
18.0,7.253594,10.7162,767.3
19.0,7.251834,10.7161,767.8
20.0,7.250449,10.7161,768.3
21.0,7.248951,10.7161,768.8
22.0,7.247229,10.7161,769.3
23.0,7.245718,10.7161,769.8
24.0,7.244354,10.7161,770.3
25.0,7.242296,10.7161,770.8
26.0,7.240519,10.7161,771.3
27.0,7.239628,10.7161,771.8
28.0,7.238267,10.7161,772.3
29.0,7.236146,10.7161,772.8
30.0,7.234483,10.7161,773.3
31.0,7.233974,10.7161,773.8
32.0,7.231893,10.7161,774.3
33.0,7.230921,10.7161,774.8
34.0,7.228974,10.7161,775.3
35.0,7.228680,10.7161,775.8
36.0,7.227441,10.7161,776.3
37.0,7.225475,10.7161,776.8
38.0,7.224733,10.7161,777.3
39.0,7.223271,10.7161,777.8
40.0,7.222242,10.7161,778.3
