Point No.,Normal Force [N],Gap [mm],Time [s]
1.0,-0.031302,14.9524,4089
2.0,-0.031246,14.8522,4090
3.0,-0.031042,14.7519,4091
4.0,-0.031022,14.6516,4092
5.0,-0.031372,14.5511,4093
6.0,-0.031024,14.4507,4094
7.0,-0.031230,14.3502,4095
8.0,-0.031563,14.2499,4096
9.0,-0.030909,14.1495,4097
10.0,-0.031452,14.0493,4098
11.0,-0.031275,13.9490,4099
12.0,-0.031550,13.8488,4100
13.0,-0.030890,13.7485,4101
14.0,-0.031313,13.6483,4102
15.0,-0.031593,13.5477,4103
16.0,-0.030795,13.4474,4104
17.0,-0.030938,13.3468,4105
18.0,-0.031445,13.2465,4106
19.0,-0.030840,13.1461,4107
20.0,-0.031453,13.0458,4108
21.0,-0.031503,12.9455,4109
22.0,-0.031193,12.8453,4110
23.0,-0.030860,12.7451,4111
24.0,-0.031596,12.6446,4112
25.0,-0.031514,12.5443,4113
26.0,-0.031546,12.4438,4114
27.0,-0.031637,12.3434,4115
28.0,-0.031392,12.2429,4116
29.0,-0.031477,12.1427,4117
30.0,-0.031163,12.0422,4118
31.0,0.013459,11.9422,4119
32.0,0.248740,11.8420,4120
33.0,0.512395,11.7420,4121
34.0,0.777864,11.6417,4122
35.0,1.042869,11.5415,4123
36.0,1.444548,11.4413,4124
37.0,2.011640,11.3411,4125
38.0,2.587675,11.2411,4126
39.0,3.150174,11.1411,4127
40.0,3.774453,11.0412,4128
41.0,4.579370,10.9414,4129
42.0,5.646271,10.8418,4130
