Point No.,Normal Force [N],Gap [mm],Time [s]
1.0,7.308876,10.7168,4920
2.0,7.249679,10.7168,4921
3.0,7.216343,10.7168,4921
4.0,7.194636,10.7167,4922
5.0,7.179510,10.7167,4922
6.0,7.163850,10.7167,4923
7.0,7.151411,10.7167,4923
8.0,7.145091,10.7167,4924
9.0,7.139758,10.7167,4924
10.0,7.134354,10.7167,4925
11.0,7.129715,10.7167,4925
12.0,7.126379,10.7167,4926
13.0,7.122132,10.7167,4926
14.0,7.117313,10.7167,4927
15.0,7.114080,10.7167,4927
16.0,7.110553,10.7167,4928
17.0,7.107038,10.7167,4928
18.0,7.104349,10.7167,4929
19.0,7.103217,10.7167,4929
20.0,7.099959,10.7167,4930
21.0,7.097815,10.7167,4930
22.0,7.094699,10.7167,4931
23.0,7.092917,10.7167,4931
24.0,7.091435,10.7167,4932
25.0,7.089743,10.7167,4932
26.0,7.089562,10.7167,4933
27.0,7.087975,10.7167,4933
28.0,7.086796,10.7167,4934
29.0,7.085147,10.7167,4934
30.0,7.084554,10.7167,4935
31.0,7.083335,10.7167,4935
32.0,7.081858,10.7167,4936
33.0,7.079519,10.7167,4936
34.0,7.079266,10.7167,4937
35.0,7.078596,10.7167,4937
36.0,7.077481,10.7167,4938
37.0,7.075742,10.7167,4938
38.0,7.075008,10.7167,4939
39.0,7.073239,10.7167,4939
40.0,7.072813,10.7167,4940
