Point No.,Normal Force [N],Gap [mm],Time [s]
1.0,6.318255,10.7937,42.5
2.0,6.268703,10.7937,43
3.0,6.244349,10.7937,43.5
4.0,6.224489,10.7937,44
5.0,6.211092,10.7937,44.5
6.0,6.202275,10.7937,45
7.0,6.195008,10.7937,45.5
8.0,6.186998,10.7936,46
9.0,6.179078,10.7936,46.5
10.0,6.172993,10.7936,47
11.0,6.168292,10.7936,47.5
12.0,6.164365,10.7936,48
13.0,6.160881,10.7936,48.5
14.0,6.158915,10.7936,49
15.0,6.156449,10.7936,49.5
16.0,6.154883,10.7936,50
17.0,6.153788,10.7936,50.5
18.0,6.151729,10.7936,51
19.0,6.150672,10.7936,51.5
20.0,6.149278,10.7936,52
21.0,6.147778,10.7936,52.5
22.0,6.145963,10.7936,53
23.0,6.144496,10.7936,53.5
24.0,6.142390,10.7936,54
25.0,6.141550,10.7936,54.5
26.0,6.139801,10.7936,55
27.0,6.137869,10.7936,55.5
28.0,6.136560,10.7936,56
29.0,6.135248,10.7936,56.5
30.0,6.134310,10.7936,57
31.0,6.133229,10.7936,57.5
32.0,6.132307,10.7936,58
33.0,6.129301,10.7936,58.5
34.0,6.129387,10.7936,59
35.0,6.127405,10.7936,59.5
36.0,6.127273,10.7936,60
37.0,6.125835,10.7936,60.5
38.0,6.124931,10.7936,61
39.0,6.123306,10.7936,61.5
40.0,6.122752,10.7936,62
