Point No.,Normal Force [N],Gap [mm],Time [s]
1.0,7.305055,10.7206,2913
2.0,7.247154,10.7205,2913
3.0,7.213812,10.7205,2914
4.0,7.192856,10.7205,2914
5.0,7.176574,10.7205,2915
6.0,7.160694,10.7205,2915
7.0,7.150854,10.7205,2916
8.0,7.145248,10.7205,2916
9.0,7.138918,10.7205,2917
10.0,7.134411,10.7205,2917
11.0,7.130248,10.7205,2918
12.0,7.126097,10.7205,2918
13.0,7.122044,10.7204,2919
14.0,7.117946,10.7204,2919
15.0,7.113978,10.7204,2920
16.0,7.109970,10.7204,2920
17.0,7.107197,10.7204,2921
18.0,7.104581,10.7204,2921
19.0,7.102801,10.7204,2922
20.0,7.100775,10.7204,2922
21.0,7.098465,10.7204,2923
22.0,7.096731,10.7204,2923
23.0,7.094508,10.7204,2924
24.0,7.093441,10.7204,2924
25.0,7.091834,10.7204,2925
26.0,7.090131,10.7204,2925
27.0,7.089230,10.7204,2926
28.0,7.087663,10.7204,2926
29.0,7.085707,10.7204,2927
30.0,7.084359,10.7204,2927
31.0,7.083570,10.7204,2928
32.0,7.082825,10.7204,2928
33.0,7.081345,10.7204,2929
34.0,7.080872,10.7204,2929
35.0,7.080091,10.7204,2930
36.0,7.078011,10.7204,2930
37.0,7.076136,10.7204,2931
38.0,7.076269,10.7204,2931
39.0,7.074618,10.7204,2932
40.0,7.073899,10.7204,2932
