Point No.,Normal Force [N],Gap [mm],Time [s]
1.0,7.377833,10.7194,687.1
2.0,7.322263,10.7193,687.6
3.0,7.290696,10.7193,688.1
4.0,7.262489,10.7193,688.6
5.0,7.249860,10.7193,689.1
6.0,7.241485,10.7193,689.6
7.0,7.231158,10.7193,690.1
8.0,7.222680,10.7193,690.6
9.0,7.215459,10.7193,691.1
10.0,7.210896,10.7193,691.6
11.0,7.205783,10.7192,692.1
12.0,7.201814,10.7192,692.6
13.0,7.199021,10.7192,693.1
14.0,7.196398,10.7192,693.6
15.0,7.193892,10.7192,694.1
16.0,7.192122,10.7192,694.6
17.0,7.188507,10.7192,695.1
18.0,7.185754,10.7192,695.6
19.0,7.183389,10.7192,696.1
20.0,7.180748,10.7192,696.6
21.0,7.178826,10.7192,697.1
22.0,7.175537,10.7192,697.6
23.0,7.173525,10.7192,698.1
24.0,7.171277,10.7192,698.6
25.0,7.169748,10.7192,699.1
26.0,7.166726,10.7192,699.6
27.0,7.165821,10.7192,700.1
28.0,7.163906,10.7192,700.6
29.0,7.162526,10.7192,701.1
30.0,7.160329,10.7192,701.6
31.0,7.158669,10.7192,702.1
32.0,7.157814,10.7192,702.6
33.0,7.155380,10.7192,703.1
34.0,7.155185,10.7192,703.6
35.0,7.153952,10.7192,704.1
36.0,7.152530,10.7192,704.6
37.0,7.151603,10.7192,705.1
38.0,7.149689,10.7192,705.6
39.0,7.149727,10.7192,706.1
40.0,7.148472,10.7192,706.6
