Point No.,Normal Force [N],Gap [mm],Time [s]
1.0,7.317288,10.7174,4562
2.0,7.256311,10.7174,4562
3.0,7.225362,10.7174,4563
4.0,7.201284,10.7174,4563
5.0,7.185513,10.7174,4564
6.0,7.170475,10.7174,4564
7.0,7.158751,10.7173,4565
8.0,7.150137,10.7173,4565
9.0,7.144186,10.7173,4566
10.0,7.139811,10.7173,4566
11.0,7.134812,10.7173,4567
12.0,7.131916,10.7173,4567
13.0,7.127774,10.7173,4568
14.0,7.124514,10.7173,4568
15.0,7.120978,10.7173,4569
16.0,7.118215,10.7173,4569
17.0,7.114908,10.7173,4570
18.0,7.112140,10.7173,4570
19.0,7.109382,10.7173,4571
20.0,7.106529,10.7173,4571
21.0,7.104152,10.7173,4572
22.0,7.102382,10.7173,4572
23.0,7.099864,10.7173,4573
24.0,7.098364,10.7173,4573
25.0,7.096859,10.7173,4574
26.0,7.095290,10.7173,4574
27.0,7.093561,10.7173,4575
28.0,7.092477,10.7173,4575
29.0,7.090487,10.7173,4576
30.0,7.089871,10.7173,4576
31.0,7.088814,10.7173,4577
32.0,7.087494,10.7173,4577
33.0,7.086582,10.7173,4578
34.0,7.085857,10.7173,4578
35.0,7.084846,10.7173,4579
36.0,7.082898,10.7173,4579
37.0,7.083202,10.7173,4580
38.0,7.081512,10.7173,4580
39.0,7.079997,10.7173,4581
40.0,7.079599,10.7173,4581
