Point No.,Normal Force [N],Gap [mm],Time [s]
1.0,-0.031535,14.9526,3660
2.0,-0.031362,14.8524,3661
3.0,-0.031219,14.7522,3662
4.0,-0.031335,14.6518,3663
5.0,-0.031086,14.5514,3664
6.0,-0.031944,14.4509,3665
7.0,-0.030984,14.3505,3666
8.0,-0.031100,14.2501,3667
9.0,-0.031194,14.1498,3668
10.0,-0.031497,14.0494,3669
11.0,-0.031698,13.9493,3670
12.0,-0.031712,13.8489,3671
13.0,-0.030788,13.7488,3672
14.0,-0.031011,13.6484,3673
15.0,-0.031164,13.5480,3674
16.0,-0.031802,13.4475,3675
17.0,-0.032247,13.3471,3676
18.0,-0.031488,13.2466,3677
19.0,-0.031232,13.1464,3678
20.0,-0.031344,13.0460,3679
21.0,-0.032072,12.9458,3680
22.0,-0.031828,12.8455,3681
23.0,-0.032236,12.7453,3682
24.0,-0.032293,12.6449,3683
25.0,-0.031378,12.5445,3684
26.0,-0.031385,12.4441,3685
27.0,-0.031536,12.3436,3686
28.0,-0.032148,12.2432,3687
29.0,-0.032494,12.1428,3688
30.0,-0.032787,12.0427,3689
31.0,0.012320,11.9423,3690
32.0,0.249109,11.8424,3691
33.0,0.512812,11.7421,3692
34.0,0.777906,11.6421,3693
35.0,1.040175,11.5416,3694
36.0,1.444458,11.4415,3695
37.0,2.012876,11.3414,3696
38.0,2.596353,11.2414,3697
39.0,3.162440,11.1413,3698
40.0,3.782894,11.0414,3699
41.0,4.589679,10.9416,3700
42.0,5.659069,10.8421,3701
