Point No.,Normal Force [N],Gap [mm],Time [s]
1.0,7.322803,10.7174,3845
2.0,7.261343,10.7174,3846
3.0,7.230820,10.7174,3846
4.0,7.206359,10.7174,3847
5.0,7.192473,10.7174,3847
6.0,7.181398,10.7174,3848
7.0,7.168741,10.7174,3848
8.0,7.159647,10.7173,3849
9.0,7.151537,10.7173,3849
10.0,7.146316,10.7173,3850
11.0,7.142715,10.7173,3850
12.0,7.139210,10.7173,3851
13.0,7.136485,10.7173,3851
14.0,7.132683,10.7173,3852
15.0,7.130247,10.7173,3852
16.0,7.127779,10.7173,3853
17.0,7.125295,10.7173,3853
18.0,7.122470,10.7173,3854
19.0,7.119379,10.7173,3854
20.0,7.116792,10.7173,3855
21.0,7.114442,10.7173,3855
22.0,7.111752,10.7173,3856
23.0,7.110419,10.7173,3856
24.0,7.108192,10.7173,3857
25.0,7.105692,10.7173,3857
26.0,7.103628,10.7173,3858
27.0,7.102301,10.7173,3858
28.0,7.100545,10.7173,3859
29.0,7.098832,10.7173,3859
30.0,7.097720,10.7173,3860
31.0,7.097332,10.7173,3860
32.0,7.095564,10.7173,3861
33.0,7.094434,10.7173,3861
34.0,7.093126,10.7173,3862
35.0,7.091896,10.7173,3862
36.0,7.091174,10.7173,3863
37.0,7.090130,10.7173,3863
38.0,7.089676,10.7173,3864
39.0,7.088699,10.7173,3864
40.0,7.087720,10.7173,3865
