Point No.,Normal Force [N],Gap [mm],Time [s]
1.0,-0.028281,14.9535,1147
2.0,-0.028375,14.8533,1148
3.0,-0.028520,14.7530,1149
4.0,-0.027800,14.6527,1150
5.0,-0.028991,14.5522,1151
6.0,-0.028256,14.4518,1152
7.0,-0.028072,14.3514,1153
8.0,-0.028560,14.2509,1154
9.0,-0.028297,14.1507,1155
10.0,-0.027445,14.0503,1156
11.0,-0.028162,13.9502,1157
12.0,-0.027599,13.8499,1158
13.0,-0.027442,13.7497,1159
14.0,-0.028947,13.6493,1160
15.0,-0.028254,13.5488,1161
16.0,-0.028001,13.4484,1162
17.0,-0.028248,13.3479,1163
18.0,-0.028119,13.2476,1164
19.0,-0.027832,13.1471,1165
20.0,-0.028736,13.0469,1166
21.0,-0.027930,12.9465,1167
22.0,-0.028012,12.8464,1168
23.0,-0.028272,12.7461,1169
24.0,-0.028358,12.6458,1170
25.0,-0.028504,12.5453,1171
26.0,-0.028244,12.4450,1172
27.0,-0.028360,12.3445,1173
28.0,-0.029370,12.2441,1174
29.0,-0.028482,12.1438,1175
30.0,-0.028730,12.0436,1176
31.0,0.021812,11.9432,1177
32.0,0.266143,11.8432,1178
33.0,0.536227,11.7430,1179
34.0,0.798935,11.6428,1180
35.0,1.066726,11.5425,1181
36.0,1.461722,11.4423,1182
37.0,2.039212,11.3422,1183
38.0,2.627937,11.2421,1184
39.0,3.200517,11.1422,1185
40.0,3.823709,11.0422,1186
41.0,4.634455,10.9426,1187
42.0,5.709452,10.8428,1188
