Point No.,Normal Force [N],Gap [mm],Time [s]
1.0,-0.032756,14.9550,5092
2.0,-0.031672,14.8548,5093
3.0,-0.031684,14.7545,5094
4.0,-0.031863,14.6542,5095
5.0,-0.032348,14.5538,5096
6.0,-0.032219,14.4533,5097
7.0,-0.031499,14.3529,5098
8.0,-0.031945,14.2525,5099
9.0,-0.031733,14.1522,5100
10.0,-0.031471,14.0518,5101
11.0,-0.032284,13.9517,5102
12.0,-0.032047,13.8514,5103
13.0,-0.032661,13.7512,5104
14.0,-0.032070,13.6507,5105
15.0,-0.032637,13.5504,5106
16.0,-0.031842,13.4499,5107
17.0,-0.032875,13.3496,5108
18.0,-0.032128,13.2490,5109
19.0,-0.032679,13.1487,5110
20.0,-0.032591,13.0484,5111
21.0,-0.032290,12.9482,5112
22.0,-0.032108,12.8479,5113
23.0,-0.032785,12.7476,5114
24.0,-0.032292,12.6474,5115
25.0,-0.032477,12.5468,5116
26.0,-0.032916,12.4465,5117
27.0,-0.032684,12.3459,5118
28.0,-0.033209,12.2456,5119
29.0,-0.033774,12.1452,5120
30.0,-0.033793,12.0450,5121
31.0,0.006818,11.9447,5122
32.0,0.242387,11.8447,5123
33.0,0.512855,11.7446,5124
34.0,0.780912,11.6444,5125
35.0,1.041554,11.5441,5126
36.0,1.424681,11.4440,5127
37.0,2.004942,11.3438,5128
38.0,2.575575,11.2438,5129
39.0,3.134036,11.1437,5130
40.0,3.754724,11.0438,5131
41.0,4.555245,10.9440,5132
42.0,5.620513,10.8444,5133
