Point No.,Normal Force [N],Gap [mm],Time [s]
1.0,7.695930,10.6958,3129
2.0,7.636557,10.6958,3129
3.0,7.597379,10.6957,3130
4.0,7.575446,10.6957,3130
5.0,7.559829,10.6957,3131
6.0,7.543407,10.6957,3131
7.0,7.533347,10.6957,3132
8.0,7.525615,10.6957,3132
9.0,7.518953,10.6957,3133
10.0,7.512432,10.6957,3133
11.0,7.507085,10.6957,3134
12.0,7.502184,10.6957,3134
13.0,7.497277,10.6957,3135
14.0,7.495100,10.6957,3135
15.0,7.490705,10.6957,3136
16.0,7.487340,10.6957,3136
17.0,7.484881,10.6957,3137
18.0,7.482728,10.6957,3137
19.0,7.479932,10.6957,3138
20.0,7.478995,10.6957,3138
21.0,7.477684,10.6957,3139
22.0,7.477055,10.6957,3139
23.0,7.475706,10.6957,3140
24.0,7.474733,10.6957,3140
25.0,7.474165,10.6957,3141
26.0,7.473671,10.6957,3141
27.0,7.473149,10.6957,3142
28.0,7.472349,10.6957,3142
29.0,7.471425,10.6957,3143
30.0,7.470401,10.6957,3143
31.0,7.469921,10.6957,3144
32.0,7.468670,10.6957,3144
33.0,7.467934,10.6957,3145
34.0,7.466822,10.6957,3145
35.0,7.466160,10.6957,3146
36.0,7.464169,10.6957,3146
37.0,7.463141,10.6957,3147
38.0,7.463091,10.6957,3147
39.0,7.462292,10.6957,3148
40.0,7.460612,10.6956,3148
