Point No.,Normal Force [N],Gap [mm],Time [s]
1.0,4.345565,11.8444,1149
2.0,4.314834,11.8444,1149
3.0,4.290677,11.8444,1150
4.0,4.277212,11.8444,1150
5.0,4.264860,11.8444,1151
6.0,4.254308,11.8444,1151
7.0,4.242877,11.8444,1152
8.0,4.234833,11.8444,1152
9.0,4.229578,11.8444,1153
10.0,4.225682,11.8444,1153
11.0,4.221882,11.8444,1154
12.0,4.218647,11.8444,1154
13.0,4.215673,11.8444,1155
14.0,4.211876,11.8444,1155
15.0,4.208600,11.8444,1156
16.0,4.205569,11.8444,1156
17.0,4.203181,11.8444,1157
18.0,4.200403,11.8444,1157
19.0,4.197493,11.8444,1158
20.0,4.195723,11.8444,1158
21.0,4.193195,11.8444,1159
22.0,4.188856,11.8443,1159
23.0,4.186630,11.8443,1160
24.0,4.185208,11.8443,1160
25.0,4.182103,11.8443,1161
26.0,4.180808,11.8443,1161
27.0,4.179523,11.8443,1162
28.0,4.178212,11.8443,1162
29.0,4.176762,11.8443,1163
30.0,4.175774,11.8443,1163
31.0,4.175128,11.8443,1164
32.0,4.172808,11.8443,1164
33.0,4.171797,11.8443,1165
34.0,4.171960,11.8443,1165
35.0,4.170577,11.8443,1166
36.0,4.169573,11.8443,1166
37.0,4.168321,11.8443,1167
38.0,4.166762,11.8443,1167
39.0,4.166182,11.8443,1168
40.0,4.165294,11.8443,1168
