Point No.,Normal Force [N],Gap [mm],Time [s]
1.0,4.371222,11.8407,1707
2.0,4.334795,11.8407,1708
3.0,4.314668,11.8407,1708
4.0,4.297631,11.8407,1709
5.0,4.286419,11.8407,1709
6.0,4.277247,11.8407,1710
7.0,4.268795,11.8406,1710
8.0,4.259982,11.8406,1711
9.0,4.253170,11.8406,1711
10.0,4.246715,11.8406,1712
11.0,4.239802,11.8406,1712
12.0,4.235569,11.8406,1713
13.0,4.232162,11.8406,1713
14.0,4.229936,11.8406,1714
15.0,4.227268,11.8406,1714
16.0,4.224979,11.8406,1715
17.0,4.223605,11.8406,1715
18.0,4.221667,11.8406,1716
19.0,4.218913,11.8406,1716
20.0,4.216557,11.8406,1717
21.0,4.215097,11.8406,1717
22.0,4.212869,11.8406,1718
23.0,4.210325,11.8406,1718
24.0,4.208320,11.8406,1719
25.0,4.206491,11.8406,1719
26.0,4.204899,11.8406,1720
27.0,4.204090,11.8406,1720
28.0,4.202145,11.8406,1721
29.0,4.200239,11.8406,1721
30.0,4.198216,11.8406,1722
31.0,4.196868,11.8406,1722
32.0,4.195475,11.8406,1723
33.0,4.193672,11.8406,1723
34.0,4.192405,11.8406,1724
35.0,4.191248,11.8406,1724
36.0,4.189112,11.8406,1725
37.0,4.189207,11.8406,1725
38.0,4.188295,11.8406,1726
39.0,4.186453,11.8406,1726
40.0,4.186026,11.8406,1727
