Point No.,Normal Force [N],Gap [mm],Time [s]
1.0,-0.171468,17.9851,1646
2.0,-0.172706,17.8849,1647
3.0,-0.172122,17.7843,1648
4.0,-0.172855,17.6840,1649
5.0,-0.171713,17.5834,1650
6.0,-0.171498,17.4832,1651
7.0,-0.172088,17.3828,1652
8.0,-0.171782,17.2826,1653
9.0,-0.172034,17.1823,1654
10.0,-0.171798,17.0821,1655
11.0,-0.171658,16.9818,1656
12.0,-0.171717,16.8814,1657
13.0,-0.171574,16.7810,1658
14.0,-0.172989,16.6805,1659
15.0,-0.172216,16.5801,1660
16.0,-0.171138,16.4797,1661
17.0,-0.172154,16.3794,1662
18.0,-0.171495,16.2791,1663
19.0,-0.171131,16.1789,1664
20.0,-0.171850,16.0786,1665
21.0,-0.171894,15.9784,1666
22.0,-0.171542,15.8779,1667
23.0,-0.171619,15.7776,1668
24.0,-0.172171,15.6770,1669
25.0,-0.171217,15.5767,1670
26.0,-0.171889,15.4762,1671
27.0,-0.171700,15.3760,1672
28.0,-0.171904,15.2756,1673
29.0,-0.171435,15.1755,1674
30.0,-0.172179,15.0752,1675
31.0,-0.171622,14.9750,1676
32.0,-0.172114,14.8745,1677
33.0,-0.171388,14.7741,1678
34.0,-0.172560,14.6737,1679
35.0,-0.172214,14.5732,1680
36.0,-0.172895,14.4728,1681
37.0,-0.172147,14.3725,1682
38.0,-0.172753,14.2723,1683
39.0,-0.172296,14.1720,1684
40.0,-0.171921,14.0718,1685
41.0,-0.172370,13.9714,1686
42.0,-0.171651,13.8711,1687
43.0,-0.171157,13.7706,1688
44.0,-0.173044,13.6702,1689
45.0,-0.172164,13.5697,1690
46.0,-0.172103,13.4694,1691
47.0,-0.171906,13.3691,1692
48.0,-0.172009,13.2688,1693
49.0,-0.171493,13.1685,1694
50.0,-0.171491,13.0684,1695
51.0,-0.163994,12.9680,1696
52.0,-0.102967,12.8677,1697
53.0,0.071944,12.7673,1698
54.0,0.338788,12.6671,1699
55.0,0.635210,12.5667,1700
56.0,0.910329,12.4666,1701
57.0,1.266795,12.3665,1702
58.0,1.764441,12.2665,1703
59.0,2.308647,12.1666,1704
60.0,2.905482,12.0666,1705
61.0,3.507459,11.9668,1706
