Point No.,Normal Force [N],Gap [mm],Time [s]
2,-0.003657,14.8661,497.7
3,-0.003294,14.9159,497.8
4,-0.003484,14.9655,497.9
