Point No.,Normal Force [N],Gap [mm],Time [s]
1.0,-0.008440,14.8108,1474
2.0,-0.008329,14.8607,1474
3.0,-0.008983,14.9107,1474
4.0,-0.008244,14.9606,1474
