Point No.,Normal Force [N],Gap [mm],Time [s]
2,-0.001045,26.4618,2739
3,-0.000721,26.5119,2739
4,0.000001,26.5620,2739
5,-0.000701,26.6119,2739
6,-0.000351,26.6620,2739
7,0.000522,26.7119,2740
8,-0.000432,26.7619,2740
9,-0.000316,26.8119,2740
10,-0.000334,26.8619,2740
11,0.000224,26.9119,2740
12,-0.000064,26.9618,2740
