Point No.,Normal Force [N],Gap [mm],Time [s]
1.0,0.000871,26.2070,2183
2.0,0.000127,26.2569,2184
3.0,0.001903,26.3067,2184
4.0,0.001132,26.3567,2184
5.0,0.001368,26.4065,2184
6.0,0.000807,26.4557,2184
7.0,0.000722,26.5059,2184
8.0,0.001031,26.5559,2184
9.0,0.000403,26.6059,2184
10.0,0.000839,26.6559,2184
11.0,0.000995,26.7060,2184
12.0,0.001224,26.7559,2185
13.0,0.001822,26.8060,2185
14.0,0.001353,26.8560,2185
15.0,0.001465,26.9059,2185
16.0,0.001444,26.9559,2185
