Point No.,Normal Force [N],Gap [mm],Time [s]
1.0,0.000592,26.4133,3042
2.0,0.001621,26.4633,3042
3.0,-0.000886,26.5134,3042
4.0,0.001029,26.5634,3043
5.0,0.000040,26.6135,3043
6.0,0.000144,26.6635,3043
7.0,-0.000746,26.7135,3043
8.0,-0.000042,26.7635,3043
9.0,-0.000264,26.8135,3043
10.0,-0.000053,26.8633,3043
11.0,-0.000503,26.9131,3043
12.0,-0.000898,26.9629,3043
