Point No.,Normal Force [N],Gap [mm],Time [s]
1.0,-0.000569,26.2091,2494
2.0,0.000124,26.2588,2494
3.0,0.000098,26.3085,2494
4.0,0.000429,26.3582,2495
5.0,0.001452,26.4083,2495
6.0,-0.000239,26.4581,2495
7.0,0.001697,26.5083,2495
8.0,-0.000108,26.5582,2495
9.0,0.002087,26.6083,2495
10.0,-0.000061,26.6581,2495
11.0,0.000657,26.7079,2495
12.0,0.001133,26.7578,2495
13.0,0.000322,26.8072,2495
14.0,0.000876,26.8574,2496
15.0,0.000080,26.9075,2496
16.0,-0.000118,26.9573,2496
