Point No.,Normal Force [N],Gap [mm],Time [s]
1.0,-0.024313,14.9554,3448
2.0,-0.024137,14.8553,3449
3.0,-0.024718,14.7550,3450
4.0,-0.023724,14.6547,3451
5.0,-0.023589,14.5542,3452
6.0,-0.023632,14.4538,3453
7.0,-0.024469,14.3533,3454
8.0,-0.024429,14.2529,3455
9.0,-0.024615,14.1526,3456
10.0,-0.024618,14.0524,3457
11.0,-0.025071,13.9520,3458
12.0,-0.024839,13.8519,3459
13.0,-0.024675,13.7515,3460
14.0,-0.024544,13.6513,3461
15.0,-0.023908,13.5508,3462
16.0,-0.023999,13.4504,3463
17.0,-0.024390,13.3499,3464
18.0,-0.024668,13.2495,3465
19.0,-0.023740,13.1492,3466
20.0,-0.023736,13.0488,3467
21.0,-0.023900,12.9487,3468
22.0,-0.024269,12.8483,3469
23.0,-0.024320,12.7481,3470
24.0,-0.024897,12.6477,3471
25.0,-0.025066,12.5474,3472
26.0,-0.024871,12.4468,3473
27.0,-0.025015,12.3465,3474
28.0,-0.025419,12.2460,3475
29.0,-0.025597,12.1458,3476
30.0,-0.025618,12.0454,3477
31.0,0.030368,11.9453,3478
32.0,0.291328,11.8451,3479
33.0,0.599215,11.7450,3480
34.0,0.880085,11.6449,3481
35.0,1.130907,11.5446,3482
36.0,1.492772,11.4444,3483
37.0,2.054812,11.3441,3484
38.0,2.664680,11.2442,3485
39.0,3.258648,11.1441,3486
40.0,3.876837,11.0443,3487
