Point No.,Normal Force [N],Gap [mm],Time [s]
1.0,4.851354,10.9210,3835
2.0,4.824344,10.9210,3836
3.0,4.803126,10.9210,3836
4.0,4.788953,10.9210,3837
5.0,4.780837,10.9209,3837
6.0,4.774089,10.9209,3838
7.0,4.768683,10.9209,3838
8.0,4.763151,10.9209,3839
9.0,4.759621,10.9209,3839
10.0,4.753011,10.9209,3840
11.0,4.750226,10.9209,3840
12.0,4.745971,10.9209,3841
13.0,4.744499,10.9209,3841
14.0,4.741855,10.9209,3842
15.0,4.737739,10.9209,3842
16.0,4.735912,10.9209,3843
17.0,4.734397,10.9209,3843
18.0,4.732278,10.9209,3844
19.0,4.730625,10.9209,3844
20.0,4.729492,10.9209,3845
21.0,4.728129,10.9209,3845
22.0,4.727172,10.9209,3846
23.0,4.727058,10.9209,3846
24.0,4.726434,10.9209,3847
25.0,4.724962,10.9209,3847
26.0,4.724218,10.9209,3848
27.0,4.722954,10.9209,3848
28.0,4.722478,10.9209,3849
29.0,4.721483,10.9209,3849
30.0,4.720803,10.9209,3850
31.0,4.719848,10.9209,3850
32.0,4.719245,10.9209,3851
33.0,4.718654,10.9209,3851
34.0,4.717553,10.9209,3852
35.0,4.717136,10.9209,3852
36.0,4.716487,10.9209,3853
37.0,4.715400,10.9209,3853
38.0,4.714964,10.9209,3854
39.0,4.712995,10.9209,3854
40.0,4.713104,10.9209,3855
