Point No.,Normal Force [N],Gap [mm],Time [s]
1.0,4.883214,10.9166,4389
2.0,4.843484,10.9166,4390
3.0,4.829156,10.9166,4390
4.0,4.817085,10.9166,4391
5.0,4.805905,10.9166,4391
6.0,4.797626,10.9166,4392
7.0,4.791368,10.9166,4392
8.0,4.786634,10.9166,4393
9.0,4.782944,10.9166,4393
10.0,4.779994,10.9166,4394
11.0,4.777465,10.9166,4394
12.0,4.775631,10.9166,4395
13.0,4.773076,10.9166,4395
14.0,4.770264,10.9166,4396
15.0,4.768126,10.9166,4396
16.0,4.766368,10.9166,4397
17.0,4.764251,10.9166,4397
18.0,4.762145,10.9166,4398
19.0,4.761607,10.9166,4398
20.0,4.758664,10.9166,4399
21.0,4.755791,10.9166,4399
22.0,4.754951,10.9165,4400
23.0,4.753362,10.9165,4400
24.0,4.751286,10.9165,4401
25.0,4.749508,10.9165,4401
26.0,4.748317,10.9165,4402
27.0,4.747216,10.9165,4402
28.0,4.744225,10.9165,4403
29.0,4.744201,10.9165,4403
30.0,4.743428,10.9165,4404
31.0,4.742656,10.9165,4404
32.0,4.741861,10.9165,4405
33.0,4.740648,10.9165,4405
34.0,4.739959,10.9165,4406
35.0,4.738874,10.9165,4406
36.0,4.737890,10.9165,4407
37.0,4.736304,10.9165,4407
38.0,4.736871,10.9165,4408
39.0,4.735287,10.9165,4408
40.0,4.734407,10.9165,4409
