Point No.,Normal Force [N],Gap [mm],Time [s]
1.0,4.216289,11.0150,244.7
2.0,4.183079,11.0150,245.2
3.0,4.167504,11.0150,245.7
4.0,4.154764,11.0149,246.2
5.0,4.145360,11.0149,246.7
6.0,4.136808,11.0149,247.2
7.0,4.132077,11.0149,247.7
8.0,4.128815,11.0149,248.2
9.0,4.125367,11.0149,248.7
10.0,4.122458,11.0149,249.2
11.0,4.118919,11.0149,249.7
12.0,4.116358,11.0149,250.2
13.0,4.113482,11.0149,250.7
14.0,4.110620,11.0149,251.2
15.0,4.106964,11.0149,251.7
16.0,4.104279,11.0149,252.2
17.0,4.103223,11.0149,252.7
18.0,4.101124,11.0149,253.2
19.0,4.098892,11.0149,253.7
20.0,4.095745,11.0149,254.2
21.0,4.093605,11.0149,254.7
22.0,4.092119,11.0149,255.2
23.0,4.091205,11.0149,255.7
24.0,4.089409,11.0149,256.2
25.0,4.087195,11.0149,256.7
26.0,4.087189,11.0149,257.2
27.0,4.085121,11.0149,257.7
28.0,4.084916,11.0149,258.2
29.0,4.083358,11.0149,258.7
30.0,4.081764,11.0149,259.2
31.0,4.081216,11.0149,259.7
32.0,4.080138,11.0149,260.2
33.0,4.079196,11.0149,260.7
34.0,4.078347,11.0149,261.2
35.0,4.077294,11.0149,261.7
36.0,4.076529,11.0149,262.2
37.0,4.076294,11.0149,262.7
38.0,4.075005,11.0149,263.2
39.0,4.074571,11.0149,263.7
40.0,4.074773,11.0149,264.2
