Point No.,Normal Force [N],Gap [mm],Time [s]
1.0,-0.025127,14.9523,3310
2.0,-0.024197,14.8520,3311
3.0,-0.024437,14.7517,3312
4.0,-0.024676,14.6513,3313
5.0,-0.024625,14.5509,3314
6.0,-0.024151,14.4505,3315
7.0,-0.023823,14.3500,3316
8.0,-0.024368,14.2496,3317
9.0,-0.023765,14.1493,3318
10.0,-0.024529,14.0491,3319
11.0,-0.024464,13.9488,3320
12.0,-0.024403,13.8486,3321
13.0,-0.024093,13.7482,3322
14.0,-0.024910,13.6479,3323
15.0,-0.024476,13.5475,3324
16.0,-0.024357,13.4471,3325
17.0,-0.024520,13.3466,3326
18.0,-0.024385,13.2462,3327
19.0,-0.024670,13.1459,3328
20.0,-0.024936,13.0456,3329
21.0,-0.025352,12.9453,3330
22.0,-0.024646,12.8451,3331
23.0,-0.024777,12.7448,3332
24.0,-0.024437,12.6445,3333
25.0,-0.024363,12.5440,3334
26.0,-0.023933,12.4435,3335
27.0,-0.025011,12.3432,3336
28.0,-0.024932,12.2426,3337
29.0,-0.024796,12.1425,3338
30.0,-0.024974,12.0421,3339
31.0,0.037883,11.9420,3340
32.0,0.298867,11.8418,3341
33.0,0.603646,11.7418,3342
34.0,0.884774,11.6415,3343
35.0,1.144745,11.5413,3344
36.0,1.509647,11.4410,3345
37.0,2.071919,11.3410,3346
38.0,2.684725,11.2409,3347
39.0,3.281421,11.1410,3348
40.0,3.903782,11.0410,3349
