Point No.,Normal Force [N],Gap [mm],Time [s]
1.0,4.892091,10.9185,3489
2.0,4.853597,10.9185,3489
3.0,4.835597,10.9185,3490
4.0,4.828321,10.9185,3490
5.0,4.820010,10.9185,3491
6.0,4.812372,10.9185,3491
7.0,4.806141,10.9185,3492
8.0,4.799750,10.9185,3492
9.0,4.795175,10.9184,3493
10.0,4.790291,10.9184,3493
11.0,4.788720,10.9184,3494
12.0,4.786221,10.9184,3494
13.0,4.783166,10.9184,3495
14.0,4.781405,10.9184,3495
15.0,4.779326,10.9184,3496
16.0,4.778083,10.9184,3496
17.0,4.776467,10.9184,3497
18.0,4.775379,10.9184,3497
19.0,4.773176,10.9184,3498
20.0,4.772129,10.9184,3498
21.0,4.771605,10.9184,3499
22.0,4.768767,10.9184,3499
23.0,4.767140,10.9184,3500
24.0,4.765981,10.9184,3500
25.0,4.764698,10.9184,3501
26.0,4.763019,10.9184,3501
27.0,4.762607,10.9184,3502
28.0,4.760105,10.9184,3502
29.0,4.759901,10.9184,3503
30.0,4.758314,10.9184,3503
31.0,4.757438,10.9184,3504
32.0,4.755848,10.9184,3504
33.0,4.755285,10.9184,3505
34.0,4.754530,10.9184,3505
35.0,4.753062,10.9184,3506
36.0,4.752017,10.9184,3506
37.0,4.751574,10.9184,3507
38.0,4.750204,10.9184,3507
39.0,4.750437,10.9184,3508
40.0,4.749040,10.9184,3508
