Point No.,Normal Force [N],Gap [mm],Time [s]
1.0,-0.014486,14.9570,1230
2.0,-0.014189,14.8569,1231
3.0,-0.014522,14.7565,1232
4.0,-0.014127,14.6563,1233
5.0,-0.013143,14.5557,1234
6.0,-0.013711,14.4554,1235
7.0,-0.013632,14.3549,1236
8.0,-0.014330,14.2545,1237
9.0,-0.014202,14.1541,1238
10.0,-0.014107,14.0538,1239
11.0,-0.014371,13.9537,1240
12.0,-0.014947,13.8533,1241
13.0,-0.014513,13.7531,1242
14.0,-0.014698,13.6527,1243
15.0,-0.014751,13.5524,1244
16.0,-0.015233,13.4519,1245
17.0,-0.014551,13.3515,1246
18.0,-0.015066,13.2510,1247
19.0,-0.014935,13.1508,1248
20.0,-0.014727,13.0504,1249
21.0,-0.014940,12.9503,1250
22.0,-0.015232,12.8499,1251
23.0,-0.015108,12.7498,1252
24.0,-0.014878,12.6493,1253
25.0,-0.014398,12.5490,1254
26.0,-0.014694,12.4484,1255
27.0,-0.015246,12.3481,1256
28.0,-0.016012,12.2476,1257
29.0,-0.015670,12.1474,1258
30.0,-0.015432,12.0470,1259
31.0,0.053308,11.9467,1260
32.0,0.340806,11.8467,1261
33.0,0.699145,11.7465,1262
34.0,1.010371,11.6466,1263
35.0,1.256739,11.5461,1264
36.0,1.579216,11.4460,1265
37.0,2.111421,11.3457,1266
38.0,2.737241,11.2458,1267
39.0,3.351613,11.1458,1268
40.0,3.958416,11.0459,1269
