Point No.,Normal Force [N],Gap [mm],Time [s]
1.0,-0.001757,14.9516,205.2
2.0,-0.001633,14.8512,206.2
3.0,-0.002517,14.7511,207.2
4.0,-0.001400,14.6507,208.2
5.0,-0.002790,14.5503,209.2
6.0,-0.002608,14.4498,210.2
7.0,-0.002795,14.3494,211.2
8.0,-0.002188,14.2489,212.2
9.0,-0.002318,14.1486,213.2
10.0,-0.002106,14.0483,214.2
11.0,-0.002164,13.9480,215.2
12.0,-0.002571,13.8479,216.2
13.0,-0.003154,13.7476,217.2
14.0,-0.003382,13.6473,218.2
15.0,-0.003256,13.5468,219.2
16.0,-0.002385,13.4464,220.2
17.0,-0.002600,13.3459,221.2
18.0,-0.002095,13.2456,222.2
19.0,-0.002656,13.1451,223.2
20.0,-0.002648,13.0450,224.2
21.0,-0.002725,12.9446,225.2
22.0,-0.003339,12.8445,226.2
23.0,-0.002644,12.7441,227.2
24.0,-0.003152,12.6438,228.2
25.0,-0.002966,12.5433,229.2
26.0,-0.002800,12.4429,230.2
27.0,-0.003711,12.3425,231.2
28.0,-0.003183,12.2420,232.2
29.0,-0.003405,12.1418,233.2
30.0,-0.001528,12.0414,234.2
31.0,0.106446,11.9413,235.2
32.0,0.408601,11.8411,236.2
33.0,0.775221,11.7412,237.2
34.0,1.096931,11.6409,238.2
35.0,1.351259,11.5407,239.2
36.0,1.675935,11.4404,240.2
37.0,2.200850,11.3403,241.2
38.0,2.859385,11.2402,242.2
39.0,3.495106,11.1404,243.2
