Point No.,Normal Force [N],Gap [mm],Time [s]
1.0,4.970661,10.9173,1965
2.0,4.937229,10.9173,1965
3.0,4.917991,10.9173,1966
4.0,4.903257,10.9173,1966
5.0,4.894098,10.9173,1967
6.0,4.888109,10.9173,1967
7.0,4.883263,10.9173,1968
8.0,4.878193,10.9173,1968
9.0,4.873015,10.9173,1969
10.0,4.869150,10.9172,1969
11.0,4.864699,10.9172,1970
12.0,4.860644,10.9172,1970
13.0,4.857343,10.9172,1971
14.0,4.853689,10.9172,1971
15.0,4.851673,10.9172,1972
16.0,4.850251,10.9172,1972
17.0,4.847593,10.9172,1973
18.0,4.845875,10.9172,1973
19.0,4.844321,10.9172,1974
20.0,4.842595,10.9172,1974
21.0,4.841360,10.9172,1975
22.0,4.840787,10.9172,1975
23.0,4.839444,10.9172,1976
24.0,4.839040,10.9172,1976
25.0,4.838305,10.9172,1977
26.0,4.837435,10.9172,1977
27.0,4.836817,10.9172,1978
28.0,4.836705,10.9172,1978
29.0,4.835668,10.9172,1979
30.0,4.835168,10.9172,1979
31.0,4.834645,10.9172,1980
32.0,4.833551,10.9172,1980
33.0,4.833695,10.9172,1981
34.0,4.832622,10.9172,1981
35.0,4.832815,10.9172,1982
36.0,4.832015,10.9172,1982
37.0,4.831450,10.9172,1983
38.0,4.831128,10.9172,1983
39.0,4.829901,10.9172,1984
40.0,4.830274,10.9172,1984
