Point No.,Normal Force [N],Gap [mm],Time [s]
1.0,-0.012383,14.9524,1025
2.0,-0.013278,14.8522,1026
3.0,-0.012916,14.7518,1027
4.0,-0.013348,14.6517,1028
5.0,-0.013636,14.5511,1029
6.0,-0.013293,14.4507,1030
7.0,-0.013467,14.3502,1031
8.0,-0.013741,14.2499,1032
9.0,-0.013504,14.1495,1033
10.0,-0.013001,14.0493,1034
11.0,-0.013056,13.9490,1035
12.0,-0.013134,13.8487,1036
13.0,-0.012594,13.7485,1037
14.0,-0.013157,13.6481,1038
15.0,-0.013262,13.5477,1039
16.0,-0.012930,13.4472,1040
17.0,-0.012768,13.3468,1041
18.0,-0.013151,13.2464,1042
19.0,-0.013163,13.1461,1043
20.0,-0.014284,13.0458,1044
21.0,-0.013362,12.9455,1045
22.0,-0.013524,12.8453,1046
23.0,-0.013765,12.7451,1047
24.0,-0.013820,12.6446,1048
25.0,-0.013860,12.5443,1049
26.0,-0.013479,12.4438,1050
27.0,-0.013891,12.3434,1051
28.0,-0.013508,12.2429,1052
29.0,-0.013453,12.1427,1053
30.0,-0.013275,12.0424,1054
31.0,0.067172,11.9421,1055
32.0,0.363031,11.8421,1056
33.0,0.729275,11.7420,1057
34.0,1.047926,11.6419,1058
35.0,1.283371,11.5415,1059
36.0,1.597835,11.4414,1060
37.0,2.135059,11.3411,1061
38.0,2.772495,11.2412,1062
39.0,3.386230,11.1411,1063
40.0,3.991445,11.0413,1064
