Point No.,Normal Force [N],Gap [mm],Time [s]
1.0,4.945108,10.9167,2658
2.0,4.911910,10.9166,2659
3.0,4.892609,10.9166,2659
4.0,4.881047,10.9166,2660
5.0,4.869826,10.9166,2660
6.0,4.861511,10.9166,2661
7.0,4.853915,10.9166,2661
8.0,4.848402,10.9166,2662
9.0,4.843879,10.9166,2662
10.0,4.841200,10.9166,2663
11.0,4.838912,10.9166,2663
12.0,4.837383,10.9166,2664
13.0,4.836000,10.9166,2664
14.0,4.834483,10.9166,2665
15.0,4.832441,10.9166,2665
16.0,4.831726,10.9166,2666
17.0,4.829807,10.9166,2666
18.0,4.828703,10.9166,2667
19.0,4.826848,10.9166,2667
20.0,4.826006,10.9166,2668
21.0,4.825170,10.9166,2668
22.0,4.822932,10.9166,2669
23.0,4.822058,10.9166,2669
24.0,4.821189,10.9166,2670
25.0,4.819462,10.9166,2670
26.0,4.818175,10.9166,2671
27.0,4.817432,10.9166,2671
28.0,4.816999,10.9166,2672
29.0,4.816241,10.9166,2672
30.0,4.814764,10.9166,2673
31.0,4.812957,10.9166,2673
32.0,4.812264,10.9166,2674
33.0,4.811341,10.9166,2674
34.0,4.810764,10.9166,2675
35.0,4.809260,10.9166,2675
36.0,4.808585,10.9166,2676
37.0,4.807196,10.9166,2676
38.0,4.807030,10.9166,2677
39.0,4.805559,10.9166,2677
40.0,4.804792,10.9166,2678
