Point No.,Normal Force [N],Gap [mm],Time [s]
1.0,0.000427,14.9532,2008
2.0,0.000464,14.8530,2009
3.0,0.000904,14.7527,2010
4.0,0.000840,14.6524,2011
5.0,0.001117,14.5519,2012
6.0,0.000309,14.4516,2013
7.0,0.000679,14.3510,2014
8.0,0.000160,14.2507,2015
9.0,0.000088,14.1503,2016
10.0,-0.000152,14.0501,2017
11.0,0.000190,13.9498,2018
12.0,-0.000136,13.8497,2019
13.0,-0.000697,13.7494,2020
14.0,-0.000325,13.6490,2021
15.0,-0.000306,13.5486,2022
16.0,0.000232,13.4481,2023
17.0,-0.000194,13.3477,2024
18.0,-0.000212,13.2472,2025
19.0,0.000157,13.1469,2026
20.0,-0.000339,13.0466,2027
21.0,-0.000463,12.9464,2028
22.0,0.000064,12.8461,2029
23.0,-0.000648,12.7459,2030
24.0,-0.000452,12.6455,2031
25.0,-0.000725,12.5451,2032
26.0,-0.000226,12.4446,2033
27.0,-0.000360,12.3443,2034
28.0,-0.000106,12.2437,2035
29.0,-0.000630,12.1436,2036
30.0,-0.000019,12.0431,2037
31.0,0.034659,11.9431,2038
32.0,0.255539,11.8429,2039
33.0,0.507780,11.7428,2040
34.0,0.777186,11.6425,2041
35.0,1.045495,11.5423,2042
36.0,1.452711,11.4421,2043
