Point No.,Normal Force [N],Gap [mm],Time [s]
1.0,0.000578,14.9513,2652
2.0,0.000660,14.8510,2653
3.0,0.000237,14.7508,2654
4.0,0.000018,14.6504,2655
5.0,0.000194,14.5500,2656
6.0,0.000432,14.4495,2657
7.0,-0.000267,14.3491,2658
8.0,0.000267,14.2487,2659
9.0,0.000716,14.1483,2660
10.0,0.000884,14.0481,2661
11.0,0.000815,13.9478,2662
12.0,0.000231,13.8476,2663
13.0,-0.000413,13.7473,2664
14.0,-0.000271,13.6470,2665
15.0,-0.000025,13.5465,2666
16.0,0.000340,13.4461,2667
17.0,0.000040,13.3456,2668
18.0,0.000133,13.2453,2669
19.0,0.000093,13.1449,2670
20.0,-0.000027,13.0447,2671
21.0,-0.000436,12.9443,2672
22.0,-0.000122,12.8442,2673
23.0,0.000446,12.7438,2674
24.0,0.000117,12.6436,2675
25.0,-0.000258,12.5431,2676
26.0,0.000358,12.4426,2677
27.0,-0.000318,12.3422,2678
28.0,0.000487,12.2417,2679
29.0,0.000246,12.1415,2680
30.0,-0.000249,12.0411,2681
31.0,0.036707,11.9410,2682
32.0,0.259162,11.8408,2683
33.0,0.506428,11.7408,2684
34.0,0.770090,11.6405,2685
35.0,1.039941,11.5403,2686
36.0,1.464729,11.4400,2687
