Point No.,Normal Force [N],Gap [mm],Time [s]
1.0,2.144952,11.3163,621
2.0,2.126669,11.3163,621.5
3.0,2.115626,11.3163,622
4.0,2.110345,11.3162,622.5
5.0,2.106386,11.3162,623
6.0,2.103500,11.3162,623.5
7.0,2.100948,11.3162,624
8.0,2.099118,11.3162,624.5
9.0,2.098200,11.3162,625
10.0,2.095844,11.3162,625.5
11.0,2.094834,11.3162,626
12.0,2.094123,11.3162,626.5
13.0,2.093020,11.3162,627
14.0,2.090824,11.3162,627.5
15.0,2.090408,11.3162,628
16.0,2.089081,11.3162,628.5
17.0,2.087984,11.3162,629
18.0,2.087928,11.3162,629.5
19.0,2.086599,11.3162,630
20.0,2.086308,11.3162,630.5
21.0,2.085295,11.3162,631
22.0,2.084613,11.3162,631.5
23.0,2.084003,11.3162,632
24.0,2.083602,11.3162,632.5
25.0,2.083219,11.3162,633
26.0,2.082200,11.3162,633.5
27.0,2.082022,11.3162,634
28.0,2.081094,11.3162,634.5
29.0,2.080637,11.3162,635
30.0,2.080368,11.3162,635.5
31.0,2.079901,11.3162,636
32.0,2.080065,11.3162,636.5
33.0,2.078572,11.3162,637
34.0,2.077811,11.3162,637.5
35.0,2.078013,11.3162,638
36.0,2.076980,11.3162,638.5
37.0,2.076918,11.3162,639
38.0,2.075670,11.3162,639.5
39.0,2.075215,11.3162,640
40.0,2.074896,11.3162,640.5
