Point No.,Normal Force [N],Gap [mm],Time [s]
1.0,2.136886,11.3181,2173
2.0,2.119738,11.3181,2174
3.0,2.109642,11.3181,2174
4.0,2.105687,11.3181,2175
5.0,2.101029,11.3181,2175
6.0,2.098841,11.3181,2176
7.0,2.096472,11.3181,2176
8.0,2.094973,11.3181,2177
9.0,2.093481,11.3181,2177
10.0,2.092108,11.3181,2178
11.0,2.090563,11.3181,2178
12.0,2.089262,11.3181,2179
13.0,2.087334,11.3181,2179
14.0,2.087185,11.3181,2180
15.0,2.084617,11.3181,2180
16.0,2.084467,11.3181,2181
17.0,2.083150,11.3181,2181
18.0,2.082569,11.3181,2182
19.0,2.081699,11.3181,2182
20.0,2.081363,11.3181,2183
21.0,2.080370,11.3181,2183
22.0,2.079494,11.3181,2184
23.0,2.079012,11.3181,2184
24.0,2.078202,11.3181,2185
25.0,2.077835,11.3181,2185
26.0,2.076748,11.3181,2186
27.0,2.075716,11.3181,2186
28.0,2.075117,11.3181,2187
29.0,2.074390,11.3181,2187
30.0,2.074423,11.3181,2188
31.0,2.072848,11.3181,2188
32.0,2.073731,11.3181,2189
33.0,2.072597,11.3181,2189
34.0,2.071858,11.3181,2190
35.0,2.072371,11.3181,2190
36.0,2.071451,11.3181,2191
37.0,2.069889,11.3181,2191
38.0,2.069907,11.3181,2192
39.0,2.069583,11.3181,2192
40.0,2.067840,11.3181,2193
