Point No.,Normal Force [N],Gap [mm],Time [s]
1.0,0.000216,14.9546,2073
2.0,0.001115,14.8544,2074
3.0,0.000005,14.7542,2075
4.0,0.000287,14.6538,2076
5.0,-0.000024,14.5534,2077
6.0,-0.000274,14.4530,2078
7.0,0.000427,14.3525,2079
8.0,0.000149,14.2521,2080
9.0,-0.000338,14.1517,2081
10.0,-0.000373,14.0514,2082
11.0,0.000370,13.9512,2083
12.0,0.000100,13.8511,2084
13.0,-0.000026,13.7507,2085
14.0,-0.000468,13.6505,2086
15.0,0.000221,13.5499,2087
16.0,-0.000552,13.4496,2088
17.0,0.000097,13.3490,2089
18.0,0.000066,13.2487,2090
19.0,0.000395,13.1483,2091
20.0,0.000185,13.0481,2092
21.0,-0.000097,12.9478,2093
22.0,0.000574,12.8475,2094
23.0,0.000754,12.7473,2095
24.0,0.001054,12.6468,2096
25.0,0.001246,12.5466,2097
26.0,0.000752,12.4459,2098
27.0,0.000648,12.3457,2099
28.0,0.000165,12.2452,2100
29.0,-0.000502,12.1449,2101
30.0,0.000103,12.0446,2102
31.0,0.032777,11.9444,2103
32.0,0.252338,11.8443,2104
33.0,0.505371,11.7442,2105
34.0,0.766492,11.6439,2106
35.0,1.025530,11.5438,2107
36.0,1.443074,11.4434,2108
