Point No.,Normal Force [N],Gap [mm],Time [s]
1.0,0.000363,14.9533,2459
2.0,0.001210,14.8531,2460
3.0,0.001004,14.7528,2461
4.0,0.000638,14.6526,2462
5.0,0.000056,14.5520,2463
6.0,0.000378,14.4517,2464
7.0,0.000024,14.3511,2465
8.0,0.000892,14.2508,2466
9.0,0.000646,14.1505,2467
10.0,0.001051,14.0502,2468
11.0,0.001306,13.9499,2469
12.0,0.000803,13.8496,2470
13.0,0.000558,13.7495,2471
14.0,0.000493,13.6491,2472
15.0,-0.000073,13.5487,2473
16.0,0.000488,13.4482,2474
17.0,0.000596,13.3478,2475
18.0,-0.000443,13.2473,2476
19.0,0.000303,13.1471,2477
20.0,-0.000183,13.0467,2478
21.0,0.000494,12.9465,2479
22.0,-0.000025,12.8462,2480
23.0,-0.000032,12.7461,2481
24.0,0.000076,12.6456,2482
25.0,-0.000052,12.5452,2483
26.0,-0.000208,12.4447,2484
27.0,-0.000545,12.3444,2485
28.0,0.000019,12.2439,2486
29.0,-0.000149,12.1436,2487
30.0,-0.000309,12.0432,2488
31.0,0.034754,11.9430,2489
32.0,0.256318,11.8430,2490
33.0,0.508349,11.7428,2491
34.0,0.772214,11.6427,2492
35.0,1.041505,11.5423,2493
36.0,1.457629,11.4422,2494
