Point No.,Normal Force [N],Gap [mm],Time [s]
1.0,0.000797,14.9529,1944
2.0,0.000925,14.8527,1945
3.0,-0.000062,14.7524,1946
4.0,0.000090,14.6521,1947
5.0,0.000435,14.5516,1948
6.0,0.000383,14.4512,1949
7.0,0.000346,14.3507,1950
8.0,0.000319,14.2505,1951
9.0,0.000279,14.1500,1952
10.0,0.000848,14.0498,1953
11.0,0.000276,13.9494,1954
12.0,0.000035,13.8493,1955
13.0,-0.000109,13.7490,1956
14.0,0.000409,13.6486,1957
15.0,0.000507,13.5482,1958
16.0,0.000671,13.4477,1959
17.0,0.000986,13.3474,1960
18.0,0.000627,13.2468,1961
19.0,0.001179,13.1466,1962
20.0,0.000950,13.0462,1963
21.0,0.000385,12.9461,1964
22.0,0.000258,12.8458,1965
23.0,-0.000578,12.7456,1966
24.0,-0.000149,12.6451,1967
25.0,0.000196,12.5448,1968
26.0,-0.000151,12.4443,1969
27.0,0.000032,12.3439,1970
28.0,-0.000016,12.2434,1971
29.0,-0.000832,12.1432,1972
30.0,-0.000229,12.0429,1973
31.0,0.035150,11.9427,1974
32.0,0.256224,11.8425,1975
33.0,0.508942,11.7424,1976
34.0,0.774385,11.6422,1977
35.0,1.037769,11.5419,1978
36.0,1.447854,11.4417,1979
