Point No.,Normal Force [N],Gap [mm],Time [s]
1.0,0.000596,14.9536,1100
2.0,0.000677,14.8534,1101
3.0,0.000885,14.7531,1102
4.0,0.001019,14.6527,1103
5.0,0.000310,14.5524,1104
6.0,0.001288,14.4518,1105
7.0,0.001157,14.3515,1106
8.0,0.001683,14.2510,1107
9.0,0.001276,14.1508,1108
10.0,0.001090,14.0503,1109
11.0,0.000809,13.9502,1110
12.0,0.000975,13.8499,1111
13.0,0.001107,13.7497,1112
14.0,0.000590,13.6494,1113
15.0,0.000627,13.5489,1114
16.0,0.000970,13.4485,1115
17.0,0.000399,13.3480,1116
18.0,-0.000129,13.2476,1117
19.0,0.000666,13.1472,1118
20.0,0.000598,13.0470,1119
21.0,0.000685,12.9467,1120
22.0,0.000802,12.8465,1121
23.0,0.001088,12.7462,1122
24.0,0.001146,12.6459,1123
25.0,0.000852,12.5454,1124
26.0,0.000311,12.4451,1125
27.0,0.000465,12.3445,1126
28.0,0.000860,12.2442,1127
29.0,0.000292,12.1437,1128
30.0,-0.000370,12.0436,1129
31.0,0.034272,11.9433,1130
32.0,0.254205,11.8434,1131
33.0,0.502962,11.7431,1132
34.0,0.765036,11.6430,1133
35.0,1.045056,11.5426,1134
36.0,1.447827,11.4424,1135
