Point No.,Normal Force [N],Gap [mm],Time [s]
1.0,0.000411,14.9524,2395
2.0,-0.000320,14.8521,2396
3.0,0.000719,14.7520,2397
4.0,0.000476,14.6517,2398
5.0,0.001061,14.5512,2399
6.0,0.000266,14.4508,2400
7.0,0.000407,14.3504,2401
8.0,0.000621,14.2499,2402
9.0,0.000530,14.1496,2403
10.0,0.000632,14.0492,2404
11.0,0.000252,13.9491,2405
12.0,0.000752,13.8488,2406
13.0,0.000483,13.7486,2407
14.0,0.000128,13.6482,2408
15.0,-0.000029,13.5479,2409
16.0,0.000588,13.4473,2410
17.0,0.000187,13.3469,2411
18.0,-0.000495,13.2464,2412
19.0,0.000457,13.1462,2413
20.0,0.000546,13.0458,2414
21.0,0.000265,12.9457,2415
22.0,0.000226,12.8453,2416
23.0,0.000438,12.7452,2417
24.0,-0.000052,12.6447,2418
25.0,0.000390,12.5444,2419
26.0,0.000394,12.4438,2420
27.0,0.000053,12.3435,2421
28.0,-0.000533,12.2430,2422
29.0,-0.000461,12.1427,2423
30.0,-0.000896,12.0424,2424
31.0,0.035020,11.9421,2425
32.0,0.255326,11.8421,2426
33.0,0.502466,11.7419,2427
34.0,0.768193,11.6418,2428
35.0,1.041518,11.5414,2429
36.0,1.456987,11.4413,2430
