Point No.,Normal Force [N],Gap [mm],Time [s]
1.0,2.388312,11.2745,3012
2.0,2.374870,11.2745,3013
3.0,2.365168,11.2745,3013
4.0,2.359306,11.2745,3014
5.0,2.352836,11.2745,3014
6.0,2.348549,11.2745,3015
7.0,2.343991,11.2745,3015
8.0,2.340727,11.2745,3016
9.0,2.338484,11.2745,3016
10.0,2.337119,11.2745,3017
11.0,2.335135,11.2745,3017
12.0,2.333694,11.2745,3018
13.0,2.332056,11.2745,3018
14.0,2.330753,11.2745,3019
15.0,2.330369,11.2745,3019
16.0,2.329167,11.2745,3020
17.0,2.328925,11.2745,3020
18.0,2.327569,11.2745,3021
19.0,2.326850,11.2745,3021
20.0,2.325656,11.2745,3022
21.0,2.324524,11.2745,3022
22.0,2.324329,11.2745,3023
23.0,2.324237,11.2745,3023
24.0,2.323496,11.2745,3024
25.0,2.322421,11.2745,3024
26.0,2.322106,11.2745,3025
27.0,2.321312,11.2745,3025
28.0,2.321025,11.2745,3026
29.0,2.320593,11.2745,3026
30.0,2.319286,11.2745,3027
31.0,2.318852,11.2745,3027
32.0,2.318039,11.2745,3028
33.0,2.317622,11.2745,3028
34.0,2.317373,11.2745,3029
35.0,2.316956,11.2745,3029
36.0,2.316411,11.2745,3030
37.0,2.315386,11.2745,3030
38.0,2.315907,11.2745,3031
39.0,2.314966,11.2745,3031
40.0,2.314506,11.2745,3032
