Point No.,Normal Force [N],Gap [mm],Time [s]
1.0,0.000453,14.9528,971.1
2.0,0.000931,14.8525,972.1
3.0,0.000530,14.7523,973.1
4.0,0.000769,14.6519,974.1
5.0,0.001277,14.5515,975.1
6.0,0.001152,14.4511,976.1
7.0,0.000152,14.3507,977.1
8.0,0.000946,14.2502,978.1
9.0,0.000253,14.1499,979.1
10.0,-0.000027,14.0496,980.1
11.0,0.000435,13.9492,981.1
12.0,-0.000041,13.8491,982.1
13.0,-0.000011,13.7487,983.1
14.0,0.000933,13.6486,984.1
15.0,0.000360,13.5480,985.1
16.0,0.000264,13.4477,986.1
17.0,0.000661,13.3471,987.1
18.0,0.000546,13.2468,988.1
19.0,0.000653,13.1464,989.1
20.0,0.000671,13.0462,990.1
21.0,0.000131,12.9459,991.1
22.0,0.000822,12.8457,992.1
23.0,0.000841,12.7454,993.1
24.0,0.000460,12.6450,994.1
25.0,0.000890,12.5446,995.1
26.0,0.000646,12.4441,996.1
27.0,0.000681,12.3437,997.1
28.0,-0.000386,12.2433,998.1
29.0,-0.000200,12.1430,999.1
30.0,-0.000192,12.0427,1000
31.0,0.035314,11.9425,1001
32.0,0.256709,11.8424,1002
33.0,0.508664,11.7423,1003
34.0,0.775505,11.6420,1004
35.0,1.048018,11.5418,1005
36.0,1.450393,11.4415,1006
