Point No.,Normal Force [N],Gap [mm],Time [s]
1.0,0.000269,14.9571,4334
2.0,0.000529,14.8569,4335
3.0,0.000905,14.7566,4336
4.0,0.000761,14.6563,4337
5.0,0.000473,14.5558,4338
6.0,0.000684,14.4554,4339
7.0,0.001069,14.3550,4340
8.0,0.000715,14.2546,4341
9.0,0.000601,14.1542,4342
10.0,0.000334,14.0539,4343
11.0,0.000560,13.9537,4344
12.0,0.000249,13.8535,4345
13.0,0.000068,13.7531,4346
14.0,0.000054,13.6529,4347
15.0,0.000237,13.5524,4348
16.0,0.000515,13.4521,4349
17.0,0.000441,13.3515,4350
18.0,0.000799,13.2512,4351
19.0,-0.000356,13.1508,4352
20.0,-0.000616,13.0505,4353
21.0,-0.000444,12.9502,4354
22.0,0.000218,12.8500,4355
23.0,-0.000525,12.7498,4356
24.0,-0.000047,12.6493,4357
25.0,-0.000917,12.5490,4358
26.0,-0.000810,12.4484,4359
27.0,-0.000562,12.3481,4360
28.0,-0.000946,12.2476,4361
29.0,-0.000861,12.1474,4362
30.0,-0.001178,12.0469,4363
31.0,0.029172,11.9469,4364
32.0,0.243254,11.8466,4365
33.0,0.489928,11.7466,4366
34.0,0.754094,11.6464,4367
35.0,1.021489,11.5461,4368
36.0,1.435680,11.4459,4369
