Point No.,Normal Force [N],Gap [mm],Time [s]
1.0,2.129574,11.3188,1330
2.0,2.112680,11.3188,1330
3.0,2.105289,11.3187,1331
4.0,2.101344,11.3187,1331
5.0,2.097358,11.3187,1332
6.0,2.094965,11.3187,1332
7.0,2.092743,11.3187,1333
8.0,2.090262,11.3187,1333
9.0,2.088492,11.3187,1334
10.0,2.086312,11.3187,1334
11.0,2.085588,11.3187,1335
12.0,2.082823,11.3187,1335
13.0,2.082786,11.3187,1336
14.0,2.081122,11.3187,1336
15.0,2.079659,11.3187,1337
16.0,2.078223,11.3187,1337
17.0,2.077899,11.3187,1338
18.0,2.076587,11.3187,1338
19.0,2.075089,11.3187,1339
20.0,2.074015,11.3187,1339
21.0,2.073200,11.3187,1340
22.0,2.072233,11.3187,1340
23.0,2.072591,11.3187,1341
24.0,2.071332,11.3187,1341
25.0,2.070190,11.3187,1342
26.0,2.070639,11.3187,1342
27.0,2.069525,11.3187,1343
28.0,2.068784,11.3187,1343
29.0,2.068584,11.3187,1344
30.0,2.067770,11.3187,1344
31.0,2.066782,11.3187,1345
32.0,2.066658,11.3187,1345
33.0,2.066658,11.3187,1346
34.0,2.065014,11.3187,1346
35.0,2.063454,11.3187,1347
36.0,2.063646,11.3187,1347
37.0,2.062544,11.3187,1348
38.0,2.062331,11.3187,1348
39.0,2.061514,11.3187,1349
40.0,2.061461,11.3187,1349
