Point No.,Normal Force [N],Gap [mm],Time [s]
1.0,0.000393,15.0626,4657
2.0,0.000629,14.9624,4658
3.0,0.001115,14.8622,4659
4.0,0.001001,14.7619,4660
5.0,0.000496,14.6616,4661
6.0,0.001187,14.5611,4662
7.0,0.001620,14.4607,4663
8.0,0.001086,14.3602,4664
9.0,0.001156,14.2599,4665
10.0,0.001482,14.1594,4666
11.0,0.000798,14.0593,4667
12.0,0.001005,13.9590,4668
13.0,0.001292,13.8588,4669
14.0,0.001061,13.7585,4670
15.0,0.001638,13.6581,4671
16.0,0.001824,13.5577,4672
17.0,0.000831,13.4573,4673
18.0,0.000850,13.3568,4674
19.0,0.000830,13.2564,4675
20.0,0.001587,13.1561,4676
21.0,0.000986,13.0558,4677
22.0,0.000355,12.9556,4678
23.0,0.000469,12.8553,4679
24.0,0.000530,12.7550,4680
25.0,0.000565,12.6547,4681
26.0,0.001238,12.5543,4682
27.0,0.001303,12.4538,4683
28.0,-0.000066,12.3534,4684
29.0,0.000335,12.2529,4685
30.0,0.000802,12.1527,4686
31.0,-0.000133,12.0524,4687
32.0,0.024694,11.9522,4688
33.0,0.230818,11.8520,4689
34.0,0.475195,11.7520,4690
35.0,0.738750,11.6517,4691
36.0,1.002455,11.5514,4692
37.0,1.405678,11.4512,4693
38.0,1.973282,11.3511,4694
