Point No.,Normal Force [N],Gap [mm],Time [s]
1.0,2.155174,11.3156,2431
2.0,2.141451,11.3156,2432
3.0,2.131024,11.3156,2432
4.0,2.125049,11.3156,2433
5.0,2.119286,11.3156,2433
6.0,2.116163,11.3156,2434
7.0,2.113170,11.3156,2434
8.0,2.111550,11.3156,2435
9.0,2.108629,11.3156,2435
10.0,2.107114,11.3156,2436
11.0,2.106932,11.3156,2436
12.0,2.105905,11.3156,2437
13.0,2.104254,11.3156,2437
14.0,2.103072,11.3156,2438
15.0,2.102377,11.3156,2438
16.0,2.101336,11.3156,2439
17.0,2.100108,11.3156,2439
18.0,2.099847,11.3156,2440
19.0,2.099305,11.3156,2440
20.0,2.098304,11.3156,2441
21.0,2.097618,11.3156,2441
22.0,2.096821,11.3156,2442
23.0,2.096153,11.3156,2442
24.0,2.096150,11.3156,2443
25.0,2.095742,11.3156,2443
26.0,2.095018,11.3156,2444
27.0,2.093989,11.3156,2444
28.0,2.094074,11.3156,2445
29.0,2.093786,11.3156,2445
30.0,2.092993,11.3156,2446
31.0,2.092425,11.3156,2446
32.0,2.091710,11.3156,2447
33.0,2.091594,11.3156,2447
34.0,2.090844,11.3156,2448
35.0,2.090736,11.3156,2448
36.0,2.090522,11.3156,2449
37.0,2.090118,11.3156,2449
38.0,2.088885,11.3156,2450
39.0,2.089104,11.3156,2450
40.0,2.088900,11.3156,2451
