Point No.,Normal Force [N],Gap [mm],Time [s]
1.0,2.161613,11.3150,1916
2.0,2.149527,11.3150,1916
3.0,2.141538,11.3150,1917
4.0,2.135744,11.3150,1917
5.0,2.130353,11.3150,1918
6.0,2.126948,11.3150,1918
7.0,2.122861,11.3150,1919
8.0,2.120351,11.3150,1919
9.0,2.117639,11.3150,1920
10.0,2.115340,11.3150,1920
11.0,2.114015,11.3150,1921
12.0,2.112361,11.3150,1921
13.0,2.111320,11.3150,1922
14.0,2.109942,11.3150,1922
15.0,2.109342,11.3150,1923
16.0,2.108112,11.3150,1923
17.0,2.107218,11.3150,1924
18.0,2.106321,11.3150,1924
19.0,2.105652,11.3150,1925
20.0,2.105267,11.3150,1925
21.0,2.104810,11.3150,1926
22.0,2.103589,11.3150,1926
23.0,2.102664,11.3150,1927
24.0,2.102218,11.3150,1927
25.0,2.101528,11.3150,1928
26.0,2.101346,11.3150,1928
27.0,2.101641,11.3150,1929
28.0,2.100622,11.3150,1929
29.0,2.100710,11.3150,1930
30.0,2.099528,11.3150,1930
31.0,2.099389,11.3150,1931
32.0,2.098623,11.3150,1931
33.0,2.098567,11.3150,1932
34.0,2.098576,11.3150,1932
35.0,2.098005,11.3150,1933
36.0,2.098194,11.3150,1933
37.0,2.097677,11.3150,1934
38.0,2.097421,11.3150,1934
39.0,2.096803,11.3150,1935
40.0,2.097004,11.3150,1935
