Point No.,Normal Force [N],Gap [mm],Time [s]
1.0,2.158631,11.3163,2496
2.0,2.145314,11.3163,2496
3.0,2.135592,11.3163,2497
4.0,2.128635,11.3163,2497
5.0,2.123622,11.3163,2498
6.0,2.119954,11.3163,2498
7.0,2.116895,11.3163,2499
8.0,2.114770,11.3163,2499
9.0,2.111414,11.3162,2500
10.0,2.110669,11.3162,2500
11.0,2.108407,11.3162,2501
12.0,2.106975,11.3162,2501
13.0,2.105855,11.3162,2502
14.0,2.104898,11.3162,2502
15.0,2.103853,11.3162,2503
16.0,2.103323,11.3162,2503
17.0,2.102289,11.3162,2504
18.0,2.101759,11.3162,2504
19.0,2.100838,11.3162,2505
20.0,2.099967,11.3162,2505
21.0,2.099473,11.3162,2506
22.0,2.098492,11.3162,2506
23.0,2.098171,11.3162,2507
24.0,2.097679,11.3162,2507
25.0,2.097634,11.3162,2508
26.0,2.096545,11.3162,2508
27.0,2.096410,11.3162,2509
28.0,2.095262,11.3162,2509
29.0,2.094987,11.3162,2510
30.0,2.095031,11.3162,2510
31.0,2.094538,11.3162,2511
32.0,2.093670,11.3162,2511
33.0,2.093548,11.3162,2512
34.0,2.092899,11.3162,2512
35.0,2.093378,11.3162,2513
36.0,2.092797,11.3162,2513
37.0,2.092112,11.3162,2514
38.0,2.091843,11.3162,2514
39.0,2.092137,11.3162,2515
40.0,2.091228,11.3162,2515
