Point No.,Normal Force [N],Gap [mm],Time [s]
1.0,0.001455,14.9556,1229
2.0,0.000595,14.8555,1230
3.0,0.001398,14.7552,1231
4.0,0.001098,14.6549,1232
5.0,0.001069,14.5544,1233
6.0,0.001159,14.4539,1234
7.0,0.001639,14.3536,1235
8.0,0.001716,14.2531,1236
9.0,0.001690,14.1529,1237
10.0,0.000980,14.0524,1238
11.0,0.001587,13.9523,1239
12.0,0.001599,13.8520,1240
13.0,0.001605,13.7518,1241
14.0,0.001532,13.6514,1242
15.0,0.001090,13.5511,1243
16.0,0.001455,13.4505,1244
17.0,0.000713,13.3501,1245
18.0,0.001428,13.2497,1246
19.0,0.002191,13.1494,1247
20.0,0.000924,13.0491,1248
21.0,0.000884,12.9489,1249
22.0,0.000360,12.8486,1250
23.0,0.001320,12.7483,1251
24.0,0.001662,12.6480,1252
25.0,0.001620,12.5475,1253
26.0,0.000899,12.4471,1254
27.0,0.001341,12.3466,1255
28.0,0.000713,12.2463,1256
29.0,0.000577,12.1459,1257
30.0,0.000333,12.0457,1258
31.0,0.031604,11.9454,1259
32.0,0.248605,11.8454,1260
33.0,0.493649,11.7451,1261
34.0,0.763237,11.6451,1262
35.0,1.041590,11.5446,1263
36.0,1.432166,11.4446,1264
