Point No.,Normal Force [N],Gap [mm],Time [s]
1.0,2.164798,11.3144,2689
2.0,2.153326,11.3144,2689
3.0,2.143970,11.3144,2690
4.0,2.138211,11.3144,2690
5.0,2.133281,11.3144,2691
6.0,2.128603,11.3144,2691
7.0,2.124379,11.3144,2692
8.0,2.122336,11.3144,2692
9.0,2.120236,11.3144,2693
10.0,2.118224,11.3144,2693
11.0,2.115749,11.3144,2694
12.0,2.113486,11.3144,2694
13.0,2.112918,11.3144,2695
14.0,2.112509,11.3144,2695
15.0,2.109635,11.3144,2696
16.0,2.108777,11.3144,2696
17.0,2.108063,11.3144,2697
18.0,2.107657,11.3144,2697
19.0,2.106837,11.3144,2698
20.0,2.106233,11.3144,2698
21.0,2.105219,11.3144,2699
22.0,2.105071,11.3144,2699
23.0,2.104037,11.3144,2700
24.0,2.104209,11.3144,2700
25.0,2.103247,11.3144,2701
26.0,2.102919,11.3144,2701
27.0,2.102584,11.3144,2702
28.0,2.101629,11.3144,2702
29.0,2.100906,11.3144,2703
30.0,2.101069,11.3144,2703
31.0,2.100271,11.3144,2704
32.0,2.099383,11.3144,2704
33.0,2.099612,11.3144,2705
34.0,2.099706,11.3144,2705
35.0,2.098595,11.3144,2706
36.0,2.099239,11.3144,2706
37.0,2.098571,11.3144,2707
38.0,2.097601,11.3144,2707
39.0,2.097638,11.3144,2708
40.0,2.096840,11.3144,2708
