Point No.,Normal Force [N],Gap [mm],Time [s]
1.0,2.135747,11.3194,3529
2.0,2.117990,11.3194,3529
3.0,2.109064,11.3194,3530
4.0,2.104001,11.3194,3530
5.0,2.100675,11.3194,3531
6.0,2.098202,11.3194,3531
7.0,2.095914,11.3194,3532
8.0,2.093756,11.3194,3532
9.0,2.091950,11.3194,3533
10.0,2.090063,11.3194,3533
11.0,2.089403,11.3194,3534
12.0,2.088714,11.3194,3534
13.0,2.086220,11.3194,3535
14.0,2.085270,11.3194,3535
15.0,2.083318,11.3194,3536
16.0,2.082756,11.3194,3536
17.0,2.081710,11.3194,3537
18.0,2.080047,11.3194,3537
19.0,2.079346,11.3194,3538
20.0,2.079212,11.3194,3538
21.0,2.078161,11.3194,3539
22.0,2.077163,11.3194,3539
23.0,2.076011,11.3194,3540
24.0,2.075885,11.3194,3540
25.0,2.074446,11.3194,3541
26.0,2.074149,11.3194,3541
27.0,2.073136,11.3194,3542
28.0,2.072961,11.3194,3542
29.0,2.073269,11.3193,3543
30.0,2.072266,11.3193,3543
31.0,2.071429,11.3193,3544
32.0,2.070449,11.3193,3544
33.0,2.069843,11.3193,3545
34.0,2.069201,11.3193,3545
35.0,2.069622,11.3193,3546
36.0,2.067925,11.3193,3546
37.0,2.067118,11.3193,3547
38.0,2.067747,11.3193,3547
39.0,2.066585,11.3193,3548
40.0,2.066090,11.3193,3548
