Point No.,Normal Force [N],Gap [mm],Time [s]
1.0,-0.000027,14.9554,4010
2.0,0.000882,14.8552,4011
3.0,0.000376,14.7549,4012
4.0,0.000324,14.6547,4013
5.0,0.000221,14.5541,4014
6.0,0.000030,14.4538,4015
7.0,-0.000313,14.3532,4016
8.0,0.000819,14.2529,4017
9.0,0.000790,14.1526,4018
10.0,0.000946,14.0523,4019
11.0,0.001688,13.9520,4020
12.0,0.001412,13.8518,4021
13.0,0.000327,13.7515,4022
14.0,0.000558,13.6513,4023
15.0,0.001130,13.5507,4024
16.0,0.000352,13.4504,4025
17.0,-0.000017,13.3498,4026
18.0,0.000273,13.2495,4027
19.0,0.000369,13.1491,4028
20.0,-0.000124,13.0489,4029
21.0,0.000053,12.9485,4030
22.0,0.000313,12.8483,4031
23.0,-0.000141,12.7481,4032
24.0,0.000575,12.6476,4033
25.0,-0.000007,12.5473,4034
26.0,-0.000036,12.4468,4035
27.0,0.000492,12.3465,4036
28.0,-0.000061,12.2459,4037
29.0,-0.000803,12.1457,4038
30.0,-0.000296,12.0453,4039
31.0,0.031524,11.9452,4040
32.0,0.248349,11.8450,4041
33.0,0.500371,11.7450,4042
34.0,0.766785,11.6447,4043
35.0,1.031040,11.5445,4044
36.0,1.444322,11.4442,4045
