Point No.,Normal Force [N],Gap [mm],Time [s]
1.0,-0.000239,14.9525,455.7
2.0,-0.000196,14.8522,456.7
3.0,-0.000844,14.7520,457.7
4.0,-0.000325,14.6517,458.7
5.0,0.000339,14.5512,459.7
6.0,0.001341,14.4507,460.7
7.0,0.001430,14.3503,461.7
8.0,0.001205,14.2499,462.7
9.0,0.000534,14.1496,463.7
10.0,0.000193,14.0493,464.7
11.0,0.000707,13.9490,465.7
12.0,0.000547,13.8488,466.7
13.0,0.000721,13.7485,467.7
14.0,0.000210,13.6483,468.7
15.0,0.000387,13.5477,469.7
16.0,-0.000206,13.4474,470.7
17.0,0.000667,13.3468,471.7
18.0,0.000323,13.2466,472.7
19.0,-0.000313,13.1461,473.7
20.0,0.000087,13.0459,474.7
21.0,0.000008,12.9455,475.7
22.0,-0.000737,12.8455,476.7
23.0,0.000774,12.7451,477.7
24.0,0.000634,12.6447,478.7
25.0,0.000629,12.5443,479.7
26.0,0.000675,12.4439,480.7
27.0,0.000501,12.3435,481.7
28.0,0.000414,12.2430,482.7
29.0,-0.000701,12.1427,483.7
30.0,-0.000363,12.0423,484.7
31.0,0.035243,11.9422,485.7
32.0,0.260830,11.8420,486.7
33.0,0.515841,11.7420,487.7
34.0,0.783087,11.6417,488.7
35.0,1.054114,11.5415,489.7
36.0,1.455340,11.4413,490.7
