Point No.,Normal Force [N],Gap [mm],Time [s]
1.0,0.000635,15.0610,3621
2.0,0.000468,14.9607,3622
3.0,0.000350,14.8606,3623
4.0,0.000292,14.7603,3624
5.0,0.000959,14.6600,3625
6.0,0.000788,14.5594,3626
7.0,0.000632,14.4591,3627
8.0,0.000421,14.3586,3628
9.0,-0.000133,14.2582,3629
10.0,0.000018,14.1578,3630
11.0,0.000561,14.0575,3631
12.0,0.000350,13.9574,3632
13.0,0.000084,13.8570,3633
14.0,-0.000093,13.7569,3634
15.0,-0.000036,13.6564,3635
16.0,-0.000068,13.5561,3636
17.0,0.000085,13.4555,3637
18.0,0.000396,13.3552,3638
19.0,0.000422,13.2547,3639
20.0,0.000175,13.1545,3640
21.0,-0.000103,13.0541,3641
22.0,0.000073,12.9540,3642
23.0,0.001188,12.8537,3643
24.0,0.000780,12.7535,3644
25.0,0.000567,12.6531,3645
26.0,0.000793,12.5527,3646
27.0,0.000791,12.4522,3647
28.0,0.001112,12.3518,3648
29.0,0.000582,12.2513,3649
30.0,0.001198,12.1510,3650
31.0,0.000360,12.0507,3651
32.0,0.026930,11.9505,3652
33.0,0.236711,11.8504,3653
34.0,0.488896,11.7502,3654
35.0,0.761133,11.6501,3655
36.0,1.029264,11.5498,3656
37.0,1.409287,11.4497,3657
38.0,1.980429,11.3494,3658
