Point No.,Normal Force [N],Gap [mm],Time [s]
1.0,-0.000045,14.9556,4075
2.0,-0.000355,14.8554,4076
3.0,-0.000043,14.7552,4077
4.0,-0.000193,14.6547,4078
5.0,0.000202,14.5544,4079
6.0,0.000415,14.4539,4080
7.0,0.000328,14.3535,4081
8.0,0.000336,14.2530,4082
9.0,0.000080,14.1527,4083
10.0,-0.000205,14.0524,4084
11.0,-0.000774,13.9521,4085
12.0,0.000243,13.8520,4086
13.0,-0.000030,13.7516,4087
14.0,0.000177,13.6514,4088
15.0,-0.000434,13.5509,4089
16.0,-0.000423,13.4505,4090
17.0,-0.000396,13.3500,4091
18.0,-0.000571,13.2497,4092
19.0,0.000277,13.1492,4093
20.0,0.000195,13.0491,4094
21.0,-0.000289,12.9488,4095
22.0,0.000110,12.8486,4096
23.0,-0.000237,12.7483,4097
24.0,0.000186,12.6479,4098
25.0,0.000331,12.5475,4099
26.0,0.000315,12.4470,4100
27.0,0.000645,12.3466,4101
28.0,-0.000216,12.2461,4102
29.0,0.000139,12.1459,4103
30.0,0.000598,12.0455,4104
31.0,0.031756,11.9454,4105
32.0,0.248561,11.8452,4106
33.0,0.499120,11.7451,4107
34.0,0.763021,11.6449,4108
35.0,1.036327,11.5447,4109
36.0,1.435068,11.4444,4110
