Point No.,Normal Force [N],Gap [mm],Time [s]
1.0,2.140948,11.3175,2109
2.0,2.124825,11.3175,2110
3.0,2.114938,11.3175,2110
4.0,2.109652,11.3175,2111
5.0,2.106327,11.3175,2111
6.0,2.103633,11.3175,2112
7.0,2.101778,11.3175,2112
8.0,2.099791,11.3175,2113
9.0,2.098586,11.3175,2113
10.0,2.096909,11.3175,2114
11.0,2.094979,11.3175,2114
12.0,2.094054,11.3175,2115
13.0,2.092991,11.3175,2115
14.0,2.092485,11.3175,2116
15.0,2.090952,11.3175,2116
16.0,2.089376,11.3175,2117
17.0,2.088551,11.3175,2117
18.0,2.088145,11.3175,2118
19.0,2.087003,11.3175,2118
20.0,2.086158,11.3175,2119
21.0,2.085459,11.3175,2119
22.0,2.084784,11.3175,2120
23.0,2.083676,11.3175,2120
24.0,2.083777,11.3175,2121
25.0,2.082902,11.3175,2121
26.0,2.082672,11.3175,2122
27.0,2.082684,11.3175,2122
28.0,2.081435,11.3175,2123
29.0,2.080796,11.3175,2123
30.0,2.080292,11.3175,2124
31.0,2.079597,11.3175,2124
32.0,2.078719,11.3175,2125
33.0,2.078720,11.3175,2125
34.0,2.078178,11.3175,2126
35.0,2.076907,11.3175,2126
36.0,2.076228,11.3175,2127
37.0,2.076369,11.3175,2127
38.0,2.075672,11.3175,2128
39.0,2.075800,11.3175,2128
40.0,2.075783,11.3175,2129
