Point No.,Normal Force [N],Gap [mm],Time [s]
1.0,0.000936,14.9569,2588
2.0,0.000065,14.8568,2589
3.0,0.000197,14.7565,2590
4.0,-0.000288,14.6563,2591
5.0,0.000646,14.5557,2592
6.0,0.000649,14.4554,2593
7.0,0.001222,14.3548,2594
8.0,0.001039,14.2545,2595
9.0,0.001070,14.1541,2596
10.0,0.001359,14.0539,2597
11.0,0.001389,13.9536,2598
12.0,0.001266,13.8533,2599
13.0,0.001128,13.7531,2600
14.0,0.000762,13.6527,2601
15.0,0.000588,13.5523,2602
16.0,0.000910,13.4518,2603
17.0,0.000632,13.3515,2604
18.0,0.000208,13.2510,2605
19.0,0.000490,13.1507,2606
20.0,0.000470,13.0504,2607
21.0,0.000945,12.9502,2608
22.0,0.000706,12.8499,2609
23.0,0.000355,12.7497,2610
24.0,0.000036,12.6493,2611
25.0,0.000265,12.5489,2612
26.0,0.000274,12.4484,2613
27.0,0.000718,12.3481,2614
28.0,0.000339,12.2476,2615
29.0,0.000445,12.1473,2616
30.0,-0.000013,12.0469,2617
31.0,0.030456,11.9467,2618
32.0,0.244055,11.8466,2619
33.0,0.487714,11.7465,2620
34.0,0.754460,11.6463,2621
35.0,1.028561,11.5460,2622
36.0,1.427872,11.4459,2623
