Point No.,Normal Force [N],Gap [mm],Time [s]
1.0,0.001851,26.3474,1103
2.0,0.006515,26.3974,1103
3.0,0.004768,26.4474,1103
4.0,0.005289,26.4975,1103
5.0,0.005952,26.5476,1103
6.0,0.007293,26.5975,1103
7.0,0.006104,26.6475,1104
8.0,0.003793,26.6975,1104
9.0,0.004940,26.7475,1104
10.0,0.006083,26.7974,1104
11.0,0.004744,26.8474,1104
12.0,0.006118,26.8974,1104
13.0,0.006844,26.9471,1104
14.0,0.006902,26.9964,1104
