Point No.,Normal Force [N],Gap [mm],Time [s]
1.0,-0.032449,14.9545,5620
2.0,-0.032227,14.8543,5621
3.0,-0.032467,14.7541,5622
4.0,-0.031933,14.6535,5623
5.0,-0.032049,14.5533,5624
6.0,-0.032508,14.4528,5625
7.0,-0.032479,14.3524,5626
8.0,-0.032401,14.2520,5627
9.0,-0.031811,14.1516,5628
10.0,-0.032252,14.0513,5629
