Point No.,Normal Force [N],Gap [mm],Time [s]
1.0,-0.031685,14.9563,2191
2.0,-0.032037,14.8560,2192
3.0,-0.031296,14.7558,2193
4.0,-0.031600,14.6554,2194
5.0,-0.031137,14.5551,2195
6.0,-0.031886,14.4546,2196
7.0,-0.031654,14.3542,2197
8.0,-0.032730,14.2537,2198
9.0,-0.031858,14.1534,2199
10.0,-0.031775,14.0531,2200
11.0,-0.031905,13.9530,2201
12.0,-0.031906,13.8526,2202
13.0,-0.031708,13.7525,2203
14.0,-0.032408,13.6521,2204
15.0,-0.032777,13.5517,2205
16.0,-0.032508,13.4512,2206
17.0,-0.032324,13.3507,2207
18.0,-0.031843,13.2503,2208
19.0,-0.032268,13.1499,2209
20.0,-0.032243,13.0497,2210
21.0,-0.032221,12.9494,2211
22.0,-0.032508,12.8493,2212
23.0,-0.032479,12.7489,2213
24.0,-0.032892,12.6487,2214
25.0,-0.032953,12.5481,2215
26.0,-0.032693,12.4477,2216
27.0,-0.032615,12.3473,2217
28.0,-0.032733,12.2469,2218
29.0,-0.033012,12.1466,2219
30.0,-0.032685,12.0464,2220
31.0,0.002096,11.9461,2221
32.0,0.230441,11.8460,2222
33.0,0.497488,11.7458,2223
34.0,0.771636,11.6456,2224
35.0,1.031326,11.5454,2225
36.0,1.400540,11.4451,2226
37.0,1.962787,11.3451,2227
38.0,2.530787,11.2449,2228
39.0,3.080700,11.1449,2229
40.0,3.700707,11.0450,2230
41.0,4.500363,10.9453,2231
42.0,5.557130,10.8456,2232
43.0,6.907485,10.7462,2233
