Point No.,Normal Force [N],Gap [mm],Time [s]
1.0,9.217459,10.6154,5372
2.0,9.141039,10.6154,5372
3.0,9.090751,10.6154,5373
4.0,9.054764,10.6153,5373
5.0,9.029645,10.6153,5374
6.0,9.005626,10.6153,5374
7.0,8.993805,10.6153,5375
8.0,8.984496,10.6153,5375
9.0,8.975388,10.6153,5376
10.0,8.965864,10.6153,5376
11.0,8.957705,10.6153,5377
12.0,8.951594,10.6153,5377
13.0,8.947133,10.6153,5378
14.0,8.942881,10.6153,5378
15.0,8.939342,10.6153,5379
16.0,8.934869,10.6153,5379
17.0,8.932113,10.6153,5380
18.0,8.928430,10.6153,5380
19.0,8.925285,10.6153,5381
20.0,8.921835,10.6153,5381
21.0,8.917347,10.6153,5382
22.0,8.914847,10.6153,5382
23.0,8.912027,10.6153,5383
24.0,8.909296,10.6152,5383
25.0,8.905508,10.6152,5384
26.0,8.903485,10.6152,5384
27.0,8.901552,10.6152,5385
28.0,8.899444,10.6152,5385
29.0,8.896776,10.6152,5386
30.0,8.895004,10.6152,5386
31.0,8.892344,10.6152,5387
32.0,8.891813,10.6152,5387
33.0,8.890061,10.6152,5388
34.0,8.889343,10.6152,5388
35.0,8.888165,10.6152,5389
36.0,8.887102,10.6152,5389
37.0,8.886295,10.6152,5390
38.0,8.884857,10.6152,5390
39.0,8.884130,10.6152,5391
40.0,8.882914,10.6152,5391
