Point No.,Normal Force [N],Gap [mm],Time [s]
1.0,-0.032100,14.9560,1680
2.0,-0.032396,14.8558,1681
3.0,-0.031665,14.7556,1682
4.0,-0.031790,14.6553,1683
5.0,-0.031718,14.5547,1684
6.0,-0.031682,14.4544,1685
7.0,-0.032099,14.3539,1686
8.0,-0.031817,14.2536,1687
9.0,-0.031283,14.1531,1688
10.0,-0.031593,14.0530,1689
11.0,-0.031742,13.9525,1690
12.0,-0.032059,13.8524,1691
13.0,-0.032241,13.7521,1692
14.0,-0.032752,13.6518,1693
15.0,-0.032331,13.5513,1694
16.0,-0.032294,13.4509,1695
17.0,-0.031639,13.3505,1696
18.0,-0.031697,13.2500,1697
19.0,-0.032067,13.1497,1698
20.0,-0.031892,13.0493,1699
21.0,-0.031848,12.9492,1700
22.0,-0.032713,12.8489,1701
23.0,-0.032538,12.7487,1702
24.0,-0.032244,12.6483,1703
25.0,-0.032251,12.5479,1704
26.0,-0.032502,12.4474,1705
27.0,-0.032551,12.3470,1706
28.0,-0.032302,12.2466,1707
29.0,-0.033568,12.1463,1708
30.0,-0.032893,12.0460,1709
31.0,0.002303,11.9459,1710
32.0,0.232632,11.8456,1711
33.0,0.502218,11.7457,1712
34.0,0.775845,11.6453,1713
35.0,1.036640,11.5451,1714
36.0,1.402042,11.4448,1715
37.0,1.965336,11.3447,1716
38.0,2.541117,11.2447,1717
39.0,3.088616,11.1446,1718
40.0,3.708137,11.0448,1719
41.0,4.509225,10.9449,1720
42.0,5.574343,10.8455,1721
43.0,6.926977,10.7459,1722
