Point No.,Normal Force [N],Gap [mm],Time [s]
1.0,-0.032284,14.9525,2995
2.0,-0.031441,14.8524,2996
3.0,-0.031556,14.7521,2997
4.0,-0.032245,14.6518,2998
5.0,-0.031929,14.5513,2999
6.0,-0.031580,14.4510,3000
7.0,-0.032226,14.3505,3001
8.0,-0.031530,14.2501,3002
9.0,-0.031482,14.1497,3003
10.0,-0.031555,14.0494,3004
11.0,-0.031392,13.9492,3005
12.0,-0.031907,13.8489,3006
13.0,-0.032097,13.7487,3007
14.0,-0.032513,13.6483,3008
15.0,-0.032037,13.5479,3009
16.0,-0.032481,13.4474,3010
17.0,-0.033048,13.3470,3011
18.0,-0.032756,13.2465,3012
19.0,-0.032591,13.1463,3013
20.0,-0.032221,13.0459,3014
21.0,-0.032052,12.9458,3015
22.0,-0.030859,12.8454,3016
23.0,-0.031653,12.7453,3017
24.0,-0.031563,12.6448,3018
25.0,-0.032046,12.5446,3019
26.0,-0.031863,12.4440,3020
27.0,-0.031974,12.3436,3021
28.0,-0.032432,12.2431,3022
29.0,-0.033177,12.1429,3023
30.0,-0.033744,12.0426,3024
31.0,0.004434,11.9423,3025
32.0,0.234745,11.8423,3026
33.0,0.504670,11.7421,3027
34.0,0.772515,11.6419,3028
35.0,1.029968,11.5416,3029
36.0,1.413874,11.4414,3030
37.0,1.976617,11.3413,3031
38.0,2.544238,11.2412,3032
39.0,3.093950,11.1412,3033
40.0,3.720924,11.0413,3034
41.0,4.529162,10.9415,3035
42.0,5.598376,10.8420,3036
43.0,6.957155,10.7425,3037
