Point No.,Normal Force [N],Gap [mm],Time [s]
1.0,9.099268,10.6204,5517
2.0,9.014842,10.6203,5518
3.0,8.968993,10.6203,5518
4.0,8.935588,10.6203,5519
5.0,8.907536,10.6203,5519
6.0,8.887879,10.6202,5520
7.0,8.874928,10.6202,5520
8.0,8.862206,10.6202,5521
9.0,8.851741,10.6202,5521
10.0,8.842228,10.6202,5522
11.0,8.836048,10.6202,5522
12.0,8.830350,10.6202,5523
13.0,8.826735,10.6202,5523
14.0,8.820963,10.6202,5524
15.0,8.814946,10.6202,5524
16.0,8.811538,10.6202,5525
17.0,8.806664,10.6202,5525
18.0,8.802795,10.6202,5526
19.0,8.798706,10.6202,5526
20.0,8.794548,10.6202,5527
21.0,8.789660,10.6202,5527
22.0,8.788337,10.6202,5528
23.0,8.786478,10.6202,5528
24.0,8.784335,10.6202,5529
25.0,8.782987,10.6202,5529
26.0,8.781644,10.6202,5530
27.0,8.780293,10.6202,5530
28.0,8.779500,10.6202,5531
29.0,8.778198,10.6202,5531
30.0,8.776649,10.6202,5532
31.0,8.775494,10.6202,5532
32.0,8.774338,10.6202,5533
33.0,8.772452,10.6202,5533
34.0,8.771053,10.6202,5534
35.0,8.770467,10.6202,5534
36.0,8.769341,10.6202,5535
37.0,8.766884,10.6202,5535
38.0,8.765819,10.6202,5536
39.0,8.763293,10.6202,5536
40.0,8.763013,10.6202,5537
