Point No.,Normal Force [N],Gap [mm],Time [s]
1.0,9.146013,10.6198,3257
2.0,9.063747,10.6197,3257
3.0,9.011620,10.6197,3258
4.0,8.981750,10.6197,3258
5.0,8.955524,10.6197,3259
6.0,8.938183,10.6196,3259
7.0,8.923587,10.6196,3260
8.0,8.909446,10.6196,3260
9.0,8.898085,10.6196,3261
10.0,8.890049,10.6196,3261
11.0,8.884150,10.6196,3262
12.0,8.878869,10.6196,3262
13.0,8.874701,10.6196,3263
14.0,8.870147,10.6196,3263
15.0,8.864383,10.6196,3264
16.0,8.860766,10.6196,3264
17.0,8.856813,10.6196,3265
18.0,8.852600,10.6196,3265
19.0,8.848542,10.6196,3266
20.0,8.845406,10.6196,3266
21.0,8.842502,10.6196,3267
22.0,8.840076,10.6196,3267
23.0,8.838634,10.6196,3268
24.0,8.836299,10.6196,3268
25.0,8.834717,10.6196,3269
26.0,8.832215,10.6196,3269
27.0,8.830834,10.6196,3270
28.0,8.829067,10.6196,3270
29.0,8.828205,10.6196,3271
30.0,8.826572,10.6196,3271
31.0,8.824705,10.6196,3272
32.0,8.822894,10.6196,3272
33.0,8.820420,10.6196,3273
34.0,8.820489,10.6196,3273
35.0,8.818036,10.6196,3274
36.0,8.816141,10.6196,3274
37.0,8.814642,10.6196,3275
38.0,8.812849,10.6196,3275
39.0,8.811926,10.6196,3276
40.0,8.808783,10.6196,3276
