Point No.,Normal Force [N],Gap [mm],Time [s]
1.0,-0.032789,14.9539,3505
2.0,-0.033355,14.8536,3506
3.0,-0.032579,14.7534,3507
4.0,-0.032490,14.6531,3508
5.0,-0.032010,14.5526,3509
6.0,-0.032964,14.4522,3510
7.0,-0.033225,14.3517,3511
8.0,-0.033662,14.2514,3512
9.0,-0.032224,14.1510,3513
10.0,-0.032556,14.0507,3514
11.0,-0.032255,13.9505,3515
12.0,-0.032702,13.8502,3516
13.0,-0.032135,13.7500,3517
14.0,-0.032993,13.6496,3518
15.0,-0.032888,13.5493,3519
16.0,-0.032541,13.4487,3520
17.0,-0.032643,13.3484,3521
18.0,-0.031930,13.2479,3522
19.0,-0.032360,13.1476,3523
20.0,-0.032417,13.0472,3524
21.0,-0.032786,12.9471,3525
22.0,-0.033461,12.8468,3526
23.0,-0.032620,12.7465,3527
24.0,-0.033026,12.6462,3528
25.0,-0.032867,12.5457,3529
26.0,-0.032372,12.4453,3530
27.0,-0.032770,12.3448,3531
28.0,-0.033391,12.2445,3532
29.0,-0.033491,12.1440,3533
30.0,-0.033899,12.0439,3534
31.0,0.001803,11.9436,3535
32.0,0.229630,11.8436,3536
33.0,0.501590,11.7434,3537
34.0,0.780989,11.6432,3538
35.0,1.048422,11.5429,3539
36.0,1.404480,11.4427,3540
37.0,1.957850,11.3426,3541
38.0,2.528861,11.2426,3542
39.0,3.076313,11.1424,3543
40.0,3.702171,11.0427,3544
41.0,4.506044,10.9428,3545
42.0,5.570735,10.8433,3546
43.0,6.926877,10.7437,3547
