Point No.,Normal Force [N],Gap [mm],Time [s]
1.0,-0.030840,14.9542,292.4
2.0,-0.030559,14.8539,293.4
3.0,-0.030694,14.7537,294.4
4.0,-0.031626,14.6533,295.4
5.0,-0.032086,14.5529,296.4
6.0,-0.031371,14.4525,297.4
7.0,-0.031382,14.3520,298.4
8.0,-0.031615,14.2516,299.4
9.0,-0.031133,14.1512,300.4
10.0,-0.030939,14.0511,301.4
11.0,-0.031418,13.9508,302.4
12.0,-0.031708,13.8506,303.4
13.0,-0.031760,13.7503,304.4
14.0,-0.031543,13.6499,305.4
15.0,-0.031518,13.5495,306.4
16.0,-0.031687,13.4490,307.4
17.0,-0.031388,13.3486,308.4
18.0,-0.031549,13.2481,309.4
19.0,-0.031180,13.1478,310.4
20.0,-0.031198,13.0476,311.4
21.0,-0.031793,12.9473,312.4
22.0,-0.031713,12.8470,313.4
23.0,-0.031376,12.7468,314.4
24.0,-0.032000,12.6464,315.4
25.0,-0.032849,12.5460,316.4
26.0,-0.032233,12.4455,317.4
27.0,-0.032421,12.3451,318.4
28.0,-0.032296,12.2446,319.4
29.0,-0.032113,12.1445,320.4
30.0,-0.031889,12.0441,321.4
31.0,0.010031,11.9439,322.4
32.0,0.244551,11.8437,323.4
33.0,0.514842,11.7438,324.4
34.0,0.782924,11.6435,325.4
35.0,1.049288,11.5433,326.4
36.0,1.422374,11.4430,327.4
37.0,1.994695,11.3429,328.4
38.0,2.563410,11.2428,329.4
39.0,3.122414,11.1428,330.4
40.0,3.742359,11.0429,331.4
41.0,4.540994,10.9430,332.4
42.0,5.600666,10.8436,333.4
43.0,6.955626,10.7440,334.4
