Point No.,Normal Force [N],Gap [mm],Time [s]
1.0,-0.031765,14.9523,2045
2.0,-0.032042,14.8520,2046
3.0,-0.032329,14.7519,2047
4.0,-0.032705,14.6515,2048
5.0,-0.031673,14.5510,2049
6.0,-0.032466,14.4506,2050
7.0,-0.032208,14.3501,2051
8.0,-0.031580,14.2498,2052
9.0,-0.032259,14.1494,2053
10.0,-0.032297,14.0492,2054
11.0,-0.032183,13.9488,2055
12.0,-0.032701,13.8487,2056
13.0,-0.032546,13.7484,2057
14.0,-0.032709,13.6481,2058
15.0,-0.032135,13.5476,2059
16.0,-0.032361,13.4472,2060
17.0,-0.032335,13.3467,2061
18.0,-0.031967,13.2464,2062
19.0,-0.032420,13.1459,2063
20.0,-0.032457,13.0458,2064
21.0,-0.032214,12.9454,2065
22.0,-0.031585,12.8453,2066
23.0,-0.031687,12.7450,2067
24.0,-0.032910,12.6446,2068
25.0,-0.032233,12.5441,2069
26.0,-0.031652,12.4436,2070
27.0,-0.031930,12.3433,2071
28.0,-0.032550,12.2428,2072
29.0,-0.032146,12.1426,2073
30.0,-0.032229,12.0422,2074
31.0,0.007428,11.9421,2075
32.0,0.241052,11.8419,2076
33.0,0.508313,11.7419,2077
34.0,0.780715,11.6416,2078
35.0,1.041178,11.5414,2079
36.0,1.428407,11.4411,2080
37.0,1.984408,11.3411,2081
38.0,2.555417,11.2410,2082
39.0,3.105502,11.1410,2083
40.0,3.733303,11.0410,2084
41.0,4.542506,10.9413,2085
42.0,5.616280,10.8417,2086
43.0,6.980601,10.7423,2087
