Point No.,Normal Force [N],Gap [mm],Time [s]
1.0,-0.032148,14.9558,5474
2.0,-0.031793,14.8556,5475
3.0,-0.032600,14.7554,5476
4.0,-0.032238,14.6550,5477
5.0,-0.032334,14.5546,5478
6.0,-0.032063,14.4541,5479
7.0,-0.031378,14.3537,5480
8.0,-0.031886,14.2533,5481
9.0,-0.031754,14.1529,5482
10.0,-0.032085,14.0528,5483
11.0,-0.031693,13.9524,5484
12.0,-0.032141,13.8523,5485
13.0,-0.031588,13.7519,5486
14.0,-0.032319,13.6517,5487
15.0,-0.032031,13.5512,5488
16.0,-0.032386,13.4507,5489
17.0,-0.032425,13.3503,5490
18.0,-0.032165,13.2498,5491
19.0,-0.031791,13.1496,5492
20.0,-0.032001,13.0491,5493
21.0,-0.031792,12.9490,5494
22.0,-0.032012,12.8487,5495
23.0,-0.032261,12.7485,5496
24.0,-0.031927,12.6481,5497
25.0,-0.032891,12.5477,5498
26.0,-0.032994,12.4472,5499
27.0,-0.032291,12.3469,5500
28.0,-0.032759,12.2464,5501
29.0,-0.032813,12.1461,5502
30.0,-0.034290,12.0458,5503
31.0,-0.002542,11.9457,5504
32.0,0.216385,11.8454,5505
33.0,0.472642,11.7454,5506
34.0,0.743925,11.6451,5507
35.0,1.007149,11.5449,5508
36.0,1.389590,11.4446,5509
37.0,1.942879,11.3445,5510
38.0,2.505758,11.2444,5511
39.0,3.055357,11.1444,5512
40.0,3.673095,11.0445,5513
41.0,4.468489,10.9447,5514
42.0,5.525919,10.8451,5515
43.0,6.866367,10.7456,5516
