Point No.,Normal Force [N],Gap [mm],Time [s]
1.0,-0.031482,15.0248,2337
2.0,-0.031487,14.9247,2338
3.0,-0.031587,14.8244,2339
4.0,-0.031317,14.7242,2340
5.0,-0.031107,14.6238,2341
6.0,-0.031728,14.5234,2342
7.0,-0.031345,14.4229,2343
8.0,-0.031692,14.3224,2344
9.0,-0.031722,14.2221,2345
10.0,-0.031349,14.1217,2346
11.0,-0.031609,14.0215,2347
12.0,-0.031154,13.9212,2348
13.0,-0.032170,13.8210,2349
14.0,-0.031508,13.7207,2350
15.0,-0.032197,13.6204,2351
16.0,-0.032695,13.5199,2352
17.0,-0.032267,13.4195,2353
18.0,-0.031748,13.3190,2354
19.0,-0.031262,13.2187,2355
20.0,-0.031626,13.1183,2356
21.0,-0.031216,13.0182,2357
22.0,-0.031257,12.9178,2358
23.0,-0.031556,12.8176,2359
24.0,-0.032291,12.7173,2360
25.0,-0.031955,12.6169,2361
26.0,-0.032076,12.5165,2362
27.0,-0.031778,12.4160,2363
28.0,-0.032425,12.3156,2364
29.0,-0.033102,12.2151,2365
30.0,-0.032380,12.1150,2366
31.0,-0.031672,12.0146,2367
32.0,0.055331,11.9145,2368
33.0,0.311635,11.8143,2369
34.0,0.597349,11.7143,2370
35.0,0.855754,11.6140,2371
36.0,1.136767,11.5138,2372
37.0,1.567109,11.4135,2373
38.0,2.143621,11.3135,2374
39.0,2.714660,11.2134,2375
40.0,3.267389,11.1135,2376
41.0,3.930351,11.0135,2377
42.0,4.811707,10.9139,2378
43.0,5.945579,10.8142,2379
44.0,7.404550,10.7149,2380
