Point No.,Normal Force [N],Gap [mm],Time [s]
1.0,8.383913,10.6518,5226
2.0,8.316081,10.6518,5227
3.0,8.274787,10.6518,5227
4.0,8.240575,10.6517,5228
5.0,8.222247,10.6517,5228
6.0,8.204530,10.6517,5229
7.0,8.190166,10.6517,5229
8.0,8.180705,10.6517,5230
9.0,8.173878,10.6517,5230
10.0,8.166056,10.6517,5231
11.0,8.159140,10.6517,5231
12.0,8.153482,10.6517,5232
13.0,8.148360,10.6517,5232
14.0,8.141200,10.6517,5233
15.0,8.138043,10.6517,5233
16.0,8.134623,10.6517,5234
17.0,8.131296,10.6517,5234
18.0,8.129080,10.6517,5235
19.0,8.127168,10.6517,5235
20.0,8.125209,10.6517,5236
21.0,8.124130,10.6517,5236
22.0,8.122165,10.6517,5237
23.0,8.120328,10.6517,5237
24.0,8.118617,10.6517,5238
25.0,8.116209,10.6517,5238
26.0,8.114685,10.6517,5239
27.0,8.112359,10.6517,5239
28.0,8.111136,10.6517,5240
29.0,8.110423,10.6517,5240
30.0,8.107994,10.6517,5241
31.0,8.107169,10.6517,5241
32.0,8.105324,10.6517,5242
33.0,8.104478,10.6517,5242
34.0,8.102715,10.6517,5243
35.0,8.101264,10.6517,5243
36.0,8.100446,10.6517,5244
37.0,8.097799,10.6517,5244
38.0,8.097096,10.6517,5245
39.0,8.095516,10.6517,5245
40.0,8.095016,10.6517,5246
