Point No.,Normal Force [N],Gap [mm],Time [s]
1.0,9.167206,10.6192,3403
2.0,9.084629,10.6191,3403
3.0,9.035039,10.6191,3404
4.0,8.998261,10.6191,3404
5.0,8.977190,10.6190,3405
6.0,8.956472,10.6190,3405
7.0,8.942825,10.6190,3406
8.0,8.932306,10.6190,3406
9.0,8.921342,10.6190,3407
10.0,8.911937,10.6190,3407
11.0,8.902795,10.6190,3408
12.0,8.896667,10.6190,3408
13.0,8.891787,10.6190,3409
14.0,8.888283,10.6190,3409
15.0,8.883895,10.6190,3410
16.0,8.880968,10.6190,3410
17.0,8.878092,10.6190,3411
18.0,8.874610,10.6190,3411
19.0,8.872010,10.6190,3412
20.0,8.868769,10.6190,3412
21.0,8.865255,10.6190,3413
22.0,8.862999,10.6190,3413
23.0,8.860287,10.6190,3414
24.0,8.858290,10.6190,3414
25.0,8.855000,10.6190,3415
26.0,8.852061,10.6190,3415
27.0,8.851155,10.6190,3416
28.0,8.848958,10.6190,3416
29.0,8.846618,10.6190,3417
30.0,8.845179,10.6190,3417
31.0,8.843614,10.6190,3418
32.0,8.840454,10.6190,3418
33.0,8.840178,10.6190,3419
34.0,8.838391,10.6190,3419
35.0,8.836916,10.6190,3420
36.0,8.835498,10.6190,3420
37.0,8.833927,10.6190,3421
38.0,8.832614,10.6190,3421
39.0,8.833097,10.6190,3422
40.0,8.831315,10.6190,3422
