Point No.,Normal Force [N],Gap [mm],Time [s]
1.0,-0.032106,14.9525,1462
2.0,-0.031975,14.8524,1463
3.0,-0.031620,14.7521,1464
4.0,-0.031684,14.6518,1465
5.0,-0.031748,14.5513,1466
6.0,-0.031814,14.4509,1467
7.0,-0.031056,14.3505,1468
8.0,-0.031291,14.2500,1469
9.0,-0.031418,14.1497,1470
10.0,-0.031644,14.0493,1471
11.0,-0.031376,13.9492,1472
12.0,-0.031083,13.8489,1473
13.0,-0.031833,13.7487,1474
14.0,-0.031098,13.6483,1475
15.0,-0.031704,13.5479,1476
16.0,-0.032040,13.4474,1477
17.0,-0.032498,13.3470,1478
18.0,-0.031998,13.2466,1479
19.0,-0.031639,13.1463,1480
20.0,-0.031181,13.0459,1481
21.0,-0.031346,12.9458,1482
22.0,-0.031478,12.8454,1483
23.0,-0.031827,12.7453,1484
24.0,-0.031185,12.6448,1485
25.0,-0.031845,12.5444,1486
26.0,-0.032180,12.4440,1487
27.0,-0.031570,12.3435,1488
28.0,-0.032023,12.2431,1489
29.0,-0.032456,12.1427,1490
30.0,-0.033252,12.0426,1491
31.0,0.007468,11.9422,1492
32.0,0.244254,11.8423,1493
33.0,0.520444,11.7420,1494
34.0,0.795317,11.6419,1495
35.0,1.059295,11.5416,1496
36.0,1.429250,11.4414,1497
37.0,1.984946,11.3413,1498
38.0,2.553742,11.2412,1499
39.0,3.108118,11.1412,1500
40.0,3.734453,11.0413,1501
41.0,4.544553,10.9415,1502
42.0,5.617224,10.8420,1503
43.0,6.984759,10.7425,1504
