Point No.,Normal Force [N],Gap [mm],Time [s]
1.0,-0.032001,14.9565,803.5
2.0,-0.032189,14.8562,804.5
3.0,-0.032124,14.7560,805.5
4.0,-0.032049,14.6557,806.5
5.0,-0.032097,14.5552,807.5
6.0,-0.032126,14.4547,808.5
7.0,-0.030965,14.3544,809.5
8.0,-0.031408,14.2539,810.5
9.0,-0.031634,14.1537,811.5
10.0,-0.032203,14.0533,812.5
11.0,-0.031711,13.9531,813.5
12.0,-0.032412,13.8528,814.5
13.0,-0.031763,13.7526,815.5
14.0,-0.032260,13.6523,816.5
15.0,-0.032947,13.5518,817.5
16.0,-0.032622,13.4514,818.5
17.0,-0.032181,13.3508,819.5
18.0,-0.032052,13.2506,820.5
19.0,-0.033037,13.1501,821.5
20.0,-0.032565,13.0499,822.5
21.0,-0.032725,12.9495,823.5
22.0,-0.032388,12.8494,824.5
23.0,-0.031847,12.7491,825.5
24.0,-0.032566,12.6489,826.5
25.0,-0.032415,12.5483,827.5
26.0,-0.033087,12.4480,828.5
27.0,-0.032721,12.3475,829.5
28.0,-0.032090,12.2471,830.5
29.0,-0.032068,12.1467,831.5
30.0,-0.032937,12.0464,832.5
31.0,0.003741,11.9462,833.5
32.0,0.231402,11.8462,834.5
33.0,0.493517,11.7460,835.5
34.0,0.764749,11.6458,836.5
35.0,1.021179,11.5455,837.5
36.0,1.404333,11.4453,838.5
37.0,1.971370,11.3451,839.5
38.0,2.545386,11.2451,840.5
39.0,3.104290,11.1451,841.5
40.0,3.722327,11.0451,842.5
41.0,4.513619,10.9455,843.5
42.0,5.566179,10.8458,844.5
43.0,6.906823,10.7464,845.5
