Point No.,Normal Force [N],Gap [mm],Time [s]
1.0,-0.031966,14.9548,1973
2.0,-0.031869,14.8546,1974
3.0,-0.031594,14.7543,1975
4.0,-0.031186,14.6539,1976
5.0,-0.031265,14.5536,1977
6.0,-0.031147,14.4531,1978
7.0,-0.031887,14.3527,1979
8.0,-0.031337,14.2523,1980
9.0,-0.032712,14.1519,1981
10.0,-0.030897,14.0517,1982
11.0,-0.031828,13.9513,1983
12.0,-0.031961,13.8512,1984
13.0,-0.032131,13.7508,1985
14.0,-0.031331,13.6506,1986
15.0,-0.032228,13.5501,1987
16.0,-0.032549,13.4497,1988
17.0,-0.031817,13.3492,1989
18.0,-0.031865,13.2488,1990
19.0,-0.031842,13.1485,1991
20.0,-0.032086,13.0482,1992
21.0,-0.032180,12.9479,1993
22.0,-0.032554,12.8477,1994
23.0,-0.032955,12.7475,1995
24.0,-0.032221,12.6471,1996
25.0,-0.031890,12.5466,1997
26.0,-0.031850,12.4462,1998
27.0,-0.032589,12.3458,1999
28.0,-0.031925,12.2453,2000
29.0,-0.032392,12.1451,2001
30.0,-0.033253,12.0447,2002
31.0,0.003400,11.9445,2003
32.0,0.235115,11.8444,2004
33.0,0.505171,11.7444,2005
34.0,0.782097,11.6441,2006
35.0,1.044814,11.5439,2007
36.0,1.409434,11.4435,2008
37.0,1.971085,11.3436,2009
38.0,2.545783,11.2434,2010
39.0,3.094709,11.1435,2011
40.0,3.716526,11.0434,2012
41.0,4.519626,10.9438,2013
42.0,5.585991,10.8442,2014
43.0,6.940645,10.7447,2015
