Point No.,Normal Force [N],Gap [mm],Time [s]
1.0,-0.005304,14.9519,503
2.0,-0.005774,14.8517,504
3.0,-0.005463,14.7514,505
4.0,-0.005431,14.6511,506
5.0,-0.005011,14.5506,507
6.0,-0.005555,14.4502,508
7.0,-0.005760,14.3497,509
8.0,-0.005845,14.2494,510
9.0,-0.005950,14.1489,511
10.0,-0.005765,14.0488,512
11.0,-0.005661,13.9485,513
12.0,-0.005030,13.8483,514
13.0,-0.005566,13.7480,515
