Point No.,Normal Force [N],Gap [mm],Time [s]
4,-0.016077,4.9900,371.2240
5,-0.016046,4.9944,371.2340
6,-0.015967,4.9994,371.2440
