Point No.,Normal Force [N],Gap [mm],Time [s]
1.0,-0.002291,17.3765,774.7
2.0,-0.001722,17.4264,774.8
3.0,-0.002790,17.4764,774.9
4.0,-0.003355,17.5262,775
5.0,-0.002957,17.5760,775.1
6.0,-0.002393,17.6260,775.2
7.0,-0.004326,17.6758,775.3
8.0,-0.003308,17.7258,775.4
9.0,-0.002553,17.7756,775.5
10.0,-0.002922,17.8253,775.6
11.0,-0.004185,17.8749,775.7
12.0,-0.003217,17.9248,775.8
13.0,-0.003580,17.9745,775.9
