Point No.,Normal Force [N],Gap [mm],Time [s]
1,-0.149998,14.1468,3336
3,-0.146660,14.2464,3336
4,-0.146526,14.2963,3336
5,-0.145949,14.3463,3336
6,-0.147244,14.3963,3336
7,-0.147261,14.4463,3336
8,-0.146928,14.4962,3337
9,-0.147231,14.5462,3337
10,-0.147341,14.5962,3337
11,-0.148106,14.6459,3337
12,-0.147628,14.6957,3337
13,-0.147849,14.7457,3337
14,-0.147867,14.7957,3337
15,-0.148032,14.8457,3337
16,-0.146737,14.8954,3337
17,-0.147711,14.9454,3337
18,-0.146470,14.9954,3338
