{"W":{"0":[638.0229,634.9856,638.3295,635.27205,637.95055,635.2676,636.19845,635.1568,637.99745,635.14445,635.84495,634.7046,636.17935,635.35645,636.21635,638.8717,636.38725,634.94095,638.04705,634.8979,636.162,635.64105,635.97915,635.12105,635.8913,634.77085,635.9065,635.26185,635.9334,634.9004,651.70235,651.0483,651.7154,635.424,636.3738,638.8821,647.03055,638.1449,650.73635,638.21675,635.0932,638.035,635.225,638.22255,634.9945,636.2764,635.41375,636.10655,634.888,638.37325],"1":[],"2":[]},"F":{"0":[-2.8542499,-2.84387485,-2.8458153,-2.8576676,-2.8343101,-2.87766575,-2.84147725,-2.8358571,-2.83102025,-2.81622335,-2.81417025,-2.7969335,-2.8014592,-2.86503785,-2.8660425,-2.8083846,-2.8330224,-2.86703,-2.77084615,-2.84751665,-2.80368185,-2.82529195,-2.9020476,-2.84778485,-2.8408192,-2.76003955,-2.8762435,-2.7946484,-2.82276105,-2.8246962,-2.82193415,-2.8138113,-2.7915581,-2.7888028,-2.77060325,-2.78089775,-2.8394814,-2.78974315,-2.74272595,-2.82527265,-2.7993527,-2.733925,-2.77346165,-2.7925454,-2.7804799,-2.78922375,-2.75135715,-2.805118,-2.8122806,-2.82006675],"1":[],"2":[]},"E":{"0":[-8.0320648875,-8.3147889059,-7.9994623361,-8.114609332,-8.1708299518,-8.3604128525,-8.2639609845,-8.1550536023,-8.0355354135,-8.3259704131,-8.3750027317,-8.2988051118,-8.3327472517,-8.1612364274,-8.0058731039,-8.0651619169,-8.1763001782,-8.1454960532,-8.0157871971,-8.2964566807,-8.3630633761,-8.2491566007,-8.1731062327,-8.1814658686,-8.1452266983,-8.1636809972,-8.2503696417,-8.1584940356,-8.1585667995,-8.1851684331,-7.9975470838,-7.9825893639,-7.9014514753,-8.1505159928,-8.1409589855,-8.1396898767,-7.9940746151,-8.0555935471,-8.023743342,-7.9895553284,-8.1141399398,-8.0382319425,-8.1557252301,-8.0431851065,-8.1523849106,-8.1392543711,-8.1224004051,-8.0214827867,-8.0097305381,-8.0214273355],"1":[],"2":[]}}