{"W":{"0":[638.3346,651.14975,638.1293,650.6889,638.2613,651.3064,651.89645,634.799,635.84245,634.5901,635.8616,635.321,653.9579,651.1834,638.3757,650.9592,654.0803,651.53125,636.02805,634.8677,654.4121,650.73135,637.98325,651.3845,638.10645,650.95265,652.07955,651.2961,651.871,655.06725,651.1606,651.60995,650.61605,654.44545,651.1961,651.5255,651.3341,651.8177,650.6613,654.5064,650.85995,654.11775,651.30285,654.26965,654.8268,651.2415,652.0902,654.93495,651.25325,652.0324,650.8353,654.398,651.1782,654.0193,650.86855,654.207,650.9303,654.1717,647.1012,654.4771],"1":[],"2":[]},"F":{"0":[2.44148645,2.32588325,2.43569435,2.3904101,2.42163755,2.5033737,2.31940505,2.3165953,2.2301436,2.31568035,2.31992685,2.3480861,2.30391945,2.2852067,2.3673245,2.3092485,2.3830834,2.29246285,2.2391015,2.2601786,2.353177,2.2930761,2.31838775,2.31385985,2.3048604,2.2850101,2.33945,2.341996,2.34921845,2.3837864,2.3525481,2.35878405,2.25868755,2.2731385,2.3464995,2.30445,2.32437585,2.32459465,2.31563045,2.29059715,2.2924238,2.2651965,2.2677537,2.27709775,2.35766895,2.3352482,2.32852835,2.3318262,2.40655165,2.3175389,2.33694985,2.3250174,2.28609595,2.27905975,2.3041101,2.31193165,2.31121385,2.27527405,2.21607655,2.2672038],"1":[],"2":[]},"E":{"0":[-8.175003616,-7.8049950737,-8.1743160838,-7.7753386232,-8.1664590406,-7.7892924316,-7.7869496418,-8.163402526,-8.1742639188,-8.1729382613,-8.1765638623,-8.1963278949,-7.8404401493,-7.8022870273,-8.2297326538,-7.7774215725,-7.8327470858,-7.7744684041,-8.1865794429,-8.1578009618,-7.8418999086,-7.7738825038,-8.175555049,-7.7917360929,-8.2439425219,-7.7695510118,-7.8213936132,-7.8823299763,-7.8223654181,-7.8275391107,-7.9059916609,-7.80110804,-7.9008468852,-7.8132767133,-7.7630048801,-7.9116992602,-7.7885873084,-7.7933964876,-7.8803524581,-7.8195071903,-7.7856107522,-7.8094514993,-7.7860898113,-7.7951475325,-7.7533058453,-7.7419790397,-7.8149745116,-7.7767822421,-7.768992158,-7.7921751119,-7.7600075185,-7.7914434457,-7.7637061254,-7.7956577745,-7.7575336179,-7.8002136757,-7.7206587106,-7.793464423,-7.8445607427,-7.7986476267],"1":[],"2":[]}}