{"W":{"0":[604.47065,603.8206,604.8038,603.67695,591.2462,603.40225,604.42755,603.5318,606.529,603.66705,604.85425,603.7717,604.55455,603.3897,606.458,603.69855,604.5037,603.99795,604.41815,603.67175,606.52515,603.55915,606.84865,604.01795,604.6467,603.5546,606.586,603.32395,604.25005,603.70065,604.79085,603.68565,604.20865,603.10345,604.36805,603.47235,604.63925,603.84115,604.77695,603.27015,604.17635,603.35295,606.82315,603.4919,604.95985,603.8128,604.57955,603.3076,604.42665,728.6252],"1":[],"2":[]},"F":{"0":[2.4491094,2.41458045,2.40324195,2.47311355,2.4347467,2.47283445,2.4280445,2.42449965,2.51220625,2.47948425,2.43370655,2.42069555,2.42063195,2.42823115,2.48766675,2.4349395,2.41993125,2.412409,2.40647775,2.41629445,2.3966508,2.4175556,2.41376185,2.4172558,2.42425735,2.37870015,2.45816045,2.41834205,2.4013319,2.3696002,2.4619112,2.43441465,2.50324735,2.45725945,2.44433785,2.51993255,2.48887495,2.5199762,2.5092045,2.45579485,2.39707115,2.42120445,2.40852105,2.4027414,2.3700432,2.42555855,2.33869995,2.40541685,2.4106778,2.42030265],"1":[],"2":[]},"E":{"0":[-7.3705956089,-7.3674850108,-7.3722033259,-7.3544850258,-7.3992477453,-7.3763144605,-7.3643196677,-7.3505864782,-7.396806249,-7.3272864112,-7.3718213654,-7.3556483786,-7.2978796994,-7.3461662446,-7.3980744644,-7.3176738892,-7.3344813302,-7.3627006817,-7.371403592,-7.3463300632,-7.3176092034,-7.3313035037,-7.3189702043,-7.3167668325,-7.3693676214,-7.3571167752,-7.284527069,-7.3652412671,-7.3443497849,-7.3081024621,-7.3368292994,-7.3269891113,-7.3490225229,-7.336587105,-7.3625781829,-7.4264436595,-7.3370178172,-7.32568175,-7.3459157198,-7.3591057249,-7.3347899816,-7.3209766271,-7.3393708438,-7.2966157154,-7.3224685137,-7.331625233,-7.3514366514,-7.3356897474,-7.3416970181,-7.3348947803],"1":[],"2":[]}}