{"W":{"0":[825.48765,822.4852,825.5217,822.2997,825.34025,826.7166,822.5483,825.5308,822.56275,825.258,821.87085,823.258,821.97595,825.89,821.7976,825.7514,822.63015,825.9876,822.0748,825.78665,821.84085,825.46395,822.39295,825.8184,821.7795,825.71535,822.6173,825.18445,822.141,825.4783,821.9374,825.7754,822.6492,825.522,826.26455,822.03415,826.1879,826.4514,822.2973,826.00665,821.9107,825.3774,822.69655,825.718,821.9635,825.96555,826.95155,821.92395,823.2749,946.8587],"1":[],"2":[]},"F":{"0":[2.55004505,2.51909975,2.54229015,2.5619504,2.57607865,2.51548965,2.60487,2.5959029,2.54881965,2.5294155,2.61749975,2.6255825,2.57647955,2.577196,2.60781375,2.61138415,2.5735598,2.5591778,2.5530532,2.61872765,2.64220225,2.6365038,2.61820635,2.6234962,2.58690785,2.6636486,2.64690685,2.586362,2.57688655,2.6626431,2.59579215,2.62300365,2.59749475,2.646238,2.60871455,2.6395262,2.63299575,2.62185165,2.61533085,2.65241565,2.59825015,2.56232295,2.6032102,2.62126475,2.63358815,2.63351505,2.61195485,2.6360675,2.6536289,2.59376315],"1":[],"2":[]},"E":{"0":[-19.8672799124,-19.6607382736,-20.0552881902,-20.315204097,-20.1077189646,-20.1504653643,-19.9541704931,-20.2782414626,-19.7491453468,-20.8154646569,-20.2183606703,-20.1237098664,-20.1673116918,-20.4664988024,-19.9156453262,-20.9034770164,-20.0751650499,-20.5836668077,-19.9310063152,-20.2112981993,-20.0716964449,-20.3095336706,-19.9026931281,-20.2784014891,-20.5100640588,-20.7923638195,-20.2223372159,-20.7913525603,-20.2524315465,-20.4488818723,-19.9363531096,-21.068298973,-20.0013279199,-20.5067530719,-20.0249791514,-20.505376526,-20.9048172043,-20.3012397396,-19.9654563843,-20.3344589238,-20.6245030228,-21.0081296148,-19.9638005133,-20.5417642852,-20.0389821764,-20.3721793316,-20.5135271057,-20.2922318605,-20.2252720778,-20.1937773953],"1":[],"2":[]}}