{"W":{"0":[327.57945,331.67425,327.4693,323.42885,323.6931,323.5407,323.3316,323.37355,323.39885,323.63655,331.5979,331.3928,331.7499,331.42075,331.60875,331.76605,331.42895,331.60895,331.45635,331.57265,331.6783,331.44335,331.7151,327.67405,323.4447,323.38055,323.39025,323.69375,323.46845,323.45165,323.6943,331.35965,331.63325,331.5596],"1":[],"2":[]},"F":{"0":[2.0474413,2.1331898,2.1380598,2.0910418,2.1377242,2.08598805,2.08421645,2.0707622,2.1103781,2.08579995,2.00501065,2.03801505,1.989944,1.9557295,1.97190645,2.0010275,1.966004,1.83720615,1.87899325,2.00121545,1.90406095,1.8870606,1.9441114,1.9222733,1.84468645,1.73818245,1.8257365,1.95660875,1.88494305,1.95603335,1.8024883,1.8522433,1.9042248,1.80865255],"1":[],"2":[]},"E":{"0":[-6.1445736855,-6.0290843884,-5.9934308883,-6.2056339841,-6.208105186,-6.1860799789,-6.1804101458,-6.1752182732,-6.2170558516,-6.2328791193,-5.9762008768,-5.9888994035,-6.0025431046,-5.9341577099,-5.9834668207,-5.9265299287,-5.9559465055,-5.9494456221,-5.937702464,-5.9503871856,-5.9039798397,-5.89273132,-5.9345996088,-6.014019739,-6.1369880486,-6.1136927598,-6.1730693751,-6.1496186409,-6.149419264,-6.160850285,-6.1622631703,-5.9191316034,-5.9655437101,-5.9332510986],"1":[],"2":[]}}