{"W":{"0":[529.58445,528.83585,529.60975,528.5317,529.5016,528.49025,529.33555,528.3543,531.2317,528.399,529.2126,524.89405,531.2721,528.21685,524.4914,528.81015,529.6647,528.6602,529.5599,528.77555,529.5724,528.3041,529.28255,528.3621,531.3045,528.34155,523.95785,528.31495,529.03805,525.0841,531.2209,528.4124,529.1557,528.3054,524.03265,528.30045,529.02205,531.93625,528.49855,529.2339,525.021,529.68735,528.783,529.5829,528.79735,529.73365,528.4972,529.4162,528.61815,654.1569],"1":[],"2":[]},"F":{"0":[2.48031635,2.60192015,2.46943595,2.414114,2.40269745,2.4763078,2.41660495,2.4085222,2.3961791,2.410346,2.3973754,2.41090995,2.4018646,2.3882887,2.37545415,2.35443165,2.3538315,2.3830367,2.3990607,2.36750735,2.3957691,2.3880143,2.3611363,2.3539785,2.3011423,2.39996755,2.2770176,2.4057488,2.38915565,2.39371485,2.40035055,2.3129316,2.3793325,2.3821364,2.3110771,2.40250945,2.40647305,2.3214029,2.35512265,2.35734985,2.40965595,2.4114391,2.42897705,2.47181015,2.3151911,2.3388958,2.31843475,2.3873839,2.35436855,2.3797916],"1":[],"2":[]},"E":{"0":[-6.0180759724,-5.9514999829,-5.9464474169,-5.8800139889,-5.9035886197,-5.9472515393,-5.9612238434,-5.9649975463,-5.995002527,-5.9010196453,-5.9003583255,-5.8654698058,-5.9672255672,-5.8557874442,-5.8707039317,-5.9137087732,-5.9295186135,-5.8903679503,-5.958497397,-5.9119130794,-5.9158609224,-5.8841922547,-5.9618096197,-5.9204976744,-6.0229504343,-5.903365363,-5.9002343316,-5.9642817894,-5.9219317717,-5.8796824726,-5.9845010152,-5.8834461642,-5.8940473504,-5.8800233458,-5.8999930024,-5.9711075579,-5.958170241,-6.0063607913,-5.9173388289,-5.9297905652,-5.9037110313,-5.969229538,-5.9303907738,-5.973302584,-5.9278152897,-5.955597616,-5.9385630948,-5.9451573079,-5.9148751792,-5.9550064629],"1":[],"2":[]}}