{"W":{"0":[638.0225,635.17845,638.18715,634.9564,636.13875,635.22815,638.0573,638.9972,635.38225,638.07505,650.92185,636.0657,634.9582,638.10425,651.2886,638.16395,647.2977,638.09565,651.11985,638.47645,634.9685,637.94775,650.95625,651.95765,651.3698,635.9861,635.1999,637.9326,651.60765,651.96765,633.3849,638.55125,635.07685,638.29185,651.20945,636.0319,634.945,638.55855,651.20765,638.062,651.027,638.32915,635.0016,638.02775,651.3422,652.17095,634.8576,652.50555,650.86545,776.9327],"1":[],"2":[]},"F":{"0":[-2.7388226,-2.8476569,-2.83885965,-2.8965018,-2.87310995,-2.8307923,-2.81355085,-2.7960911,-2.8109345,-2.8468317,-2.8801515,-2.7490783,-2.8162346,-2.7512863,-2.71185885,-2.6999247,-2.7783875,-2.7809166,-2.79062545,-2.72731745,-2.74098545,-2.7602557,-2.72779475,-2.7563826,-2.7753089,-2.736626,-2.7789276,-2.80447735,-2.8404836,-2.8340006,-2.77057135,-2.7633732,-2.7679423,-2.76246135,-2.81143445,-2.74609115,-2.77214235,-2.809438,-2.7909651,-2.7874948,-2.76365155,-2.75257085,-2.75079875,-2.76165545,-2.8160056,-2.8152963,-2.7701113,-2.84348665,-2.8139447,-2.81881175],"1":[],"2":[]},"E":{"0":[-8.037595857,-8.1560627906,-8.0030277526,-8.1330893848,-8.2653332916,-8.1347119666,-8.0235442296,-8.1291392391,-8.2247228345,-8.0273942761,-8.0469055892,-7.9816156633,-8.1503280684,-8.1430218423,-8.017213669,-8.0027822994,-7.9453287053,-8.1490806708,-8.0412010444,-7.9989003916,-8.1076961647,-8.1364335778,-7.9933029013,-8.0025743036,-8.0020067712,-8.1773800285,-8.2275087678,-8.1387468608,-8.0099086076,-7.9126754499,-8.1709372305,-8.0411605758,-8.2594281808,-8.164478254,-8.0014281801,-8.1733123353,-8.1574717297,-8.0145960286,-7.9951628027,-8.1540062834,-8.0194472481,-8.0156021825,-8.2180020468,-8.1423000031,-8.0116009185,-7.9898143527,-8.2237116431,-7.9021216426,-8.0286884969,-7.9569774977],"1":[],"2":[]}}