{"W":{"0":[772.01165,768.96005,754.44105,768.94365,769.6586,768.76285,771.9688,769.15995,768.52995,772.13835,768.92575,769.7845,773.0368,768.84375,772.0141,768.7224,754.5837,768.7126,754.44605,769.05985,772.01185,768.7037,771.95055,769.1648,771.92625,768.7109,754.8088,768.7598,772.26145,768.49615,772.7253,768.5207,772.20285,768.5699,770.11535,768.30565,772.4244,773.2954,768.96295,772.4828,773.2359,768.57365,772.13905,768.4286,772.1408,773.29445,768.90945,769.4765,769.06325,897.0373],"1":[],"2":[]},"F":{"0":[2.4189403,2.3850563,2.3869998,2.36869935,2.41027265,2.40113885,2.44274475,2.4391503,2.4840159,2.4461005,2.45300855,2.4533154,2.46294415,2.44615645,2.3473558,2.4311096,2.38023355,2.4523526,2.3895999,2.41217625,2.3505378,2.41381255,2.41924835,2.4213838,2.39664015,2.43971495,2.41482245,2.39614855,2.4042279,2.41378865,2.3513432,2.3881215,2.3726917,2.47032855,2.4309079,2.40386235,2.3800772,2.35086615,2.3912379,2.42504685,2.428433,2.35267645,2.4163873,2.3640199,2.4050004,2.45966395,2.41497385,2.4663746,2.42269035,2.4780209],"1":[],"2":[]},"E":{"0":[-13.2323361674,-13.1790089352,-14.2982281846,-13.1944430653,-13.536796255,-13.5194188582,-13.3136981959,-13.5049889148,-13.5163355738,-13.2432928491,-13.4563970696,-13.5148044977,-13.1955828761,-13.5136357449,-13.6531978921,-13.6526718363,-14.2357195433,-13.6648075587,-14.2304332496,-13.6499278641,-13.4191820262,-13.4904473489,-13.6385811415,-13.5431010842,-13.6621645436,-13.565556485,-14.2435451782,-13.6612279067,-13.3394851805,-13.4675739587,-13.3497176649,-13.6017053178,-13.6408801811,-13.6032156412,-13.5598022445,-13.2367086568,-13.3402963458,-13.54025726,-13.5845164175,-13.3903154476,-13.234548148,-13.1824937055,-13.6482531493,-13.6098175449,-13.6698313156,-13.63227744,-13.6356282624,-13.5860071592,-13.3030422317,-13.404382483],"1":[],"2":[]}}