{"W":{"0":[807.35675,804.6194,807.68135,803.6882,807.47535,809.0644,803.7279,807.73795,803.94375,805.1398,804.12935,807.6714,804.445,807.2213,808.7369,804.69355,805.10235,804.14285,804.71165,804.36255,807.5883,803.84835,807.7925,808.60505,804.2247,807.5926,804.03325,807.9713,803.92475,805.62965,804.3633,807.6497,804.6022,807.489,808.8179,803.72165,807.3088,804.19025,807.8135,808.7729,803.85775,805.1895,809.1623,803.86025,807.3008,804.52145,807.2818,803.7777,805.5395,933.3847],"1":[],"2":[]},"F":{"0":[2.3732682,2.46653455,2.52312975,2.50798645,2.5112477,2.47131825,2.49204575,2.42848535,2.45962145,2.4621827,2.4631437,2.45652155,2.45790185,2.45915725,2.48146635,2.48037055,2.4379262,2.43767925,2.4266809,2.4563912,2.39752385,2.52934595,2.47558745,2.4419331,2.43814,2.4601932,2.420697,2.4896641,2.4588447,2.4152031,2.55226545,2.4898196,2.4595086,2.50983665,2.4616397,2.45826745,2.4395438,2.43371075,2.4444575,2.44016985,2.4730621,2.44826465,2.4791036,2.51970065,2.55417185,2.54002465,2.55377305,2.47838225,2.45695865,2.5075906],"1":[],"2":[]},"E":{"0":[-17.3793894308,-16.9219999855,-17.2547115924,-17.29576602,-17.5007638355,-17.1045151334,-17.341749884,-17.5078748405,-17.0774567204,-17.0635418923,-17.3624543558,-17.6337489186,-16.9400152195,-17.1550763172,-17.1734661975,-17.0124665261,-17.1921614705,-17.1827026181,-17.1529624137,-17.0627734725,-17.4384092278,-17.1036851864,-17.2327151881,-17.2454814488,-17.0155886843,-17.2811285333,-16.9020941135,-17.4483241466,-17.0708748985,-17.0488392592,-17.0491919361,-17.4191904574,-16.9976663016,-17.1711731612,-17.1488910823,-16.9879392524,-17.5967001611,-16.8974189622,-17.2073612206,-17.191437585,-17.1087778266,-17.0706024749,-17.0278969504,-17.2899513671,-17.5377169642,-16.7953708608,-17.0741855453,-17.0556006921,-17.0460495864,-17.0253316226],"1":[],"2":[]}}