{"W":{"0":[1714.69365,1690.7877,1689.34775,1685.0758,1684.13275,1689.8565,1688.78265,1694.4642,1684.93725,1684.14905,1690.13645,1692.2308,1689.64035,1684.60355,1684.6447,1689.7077,1687.9373,1690.9246,1685.95505,1689.2177,1686.22965,1689.94395,1690.8415,1685.85665,1689.362,1686.31275,1690.1455,1689.45885,1688.95615,1693.51145,1684.3869,1684.397,1689.8106,1688.91915,1694.4674,1685.0831,1685.9399,1689.78285,1688.44085,1694.494,1685.4968,1685.9622,1689.8203,1688.51355,1694.0379,1685.0424,1685.8905,1689.76775,1688.9434,1694.28635,1685.4605,1681.56965,1690.94775,1692.1526,1688.90585,1684.4627,1682.47285,1690.5425,1690.16965,1689.82575,1688.74785,1694.1795,1684.9198,1689.9078,1685.84545,1690.07585,1685.64235,1685.14415,1691.25875,1690.57895,1692.4223,1689.20995,1684.8117,1686.83805,1690.56565,1690.07605,1685.4426,1684.3256,1685.9082,2315.5911],"1":[],"2":[]},"F":{"0":[2.1624783,1.89981535,1.8308704,1.9409919,1.9379623,1.8094418,1.7791147,1.8298411,1.73493695,1.6905751,1.89855715,1.6950317,1.7967909,1.70034295,1.74139055,1.8032305,1.86416095,1.69587135,1.62118745,1.57892745,1.93496475,1.8747382,1.75248385,1.7524817,1.77592215,1.77923885,1.6754764,1.8161912,1.68804285,1.61362335,1.68853425,1.7336292,1.8147943,1.95895125,1.86675855,1.8222073,1.8081315,1.83889655,1.78859425,1.7754959,1.66084165,1.7835191,1.76493395,1.68561895,1.7885931,1.68246355,1.7348904,1.7706828,1.7531791,1.84863835,1.748426,1.80065085,1.75111135,1.7506673,1.76341145,1.8775137,1.8177966,1.67334245,1.68623595,1.8001721,1.8150684,1.952172,1.98136675,1.92810115,1.851968,1.8610532,1.89089475,1.9416536,1.8718768,1.9983905,1.86184475,1.7190067,1.78015245,1.86123115,1.8473198,1.89922835,1.8136105,2.0269858,1.92031415,1.8710667],"1":[],"2":[]},"E":{"0":[-8.5396030525,-8.3118455895,-8.3963047911,-8.4712797326,-8.2894918959,-8.3821712014,-8.4087908906,-8.2440322132,-8.4334928544,-8.4403445863,-8.4172523622,-8.522431278,-8.4049180168,-8.3935702811,-8.2281783806,-8.2799743684,-8.3767577763,-8.3905044577,-8.3789657132,-8.326288563,-8.3758904935,-8.4853948333,-7.9582283158,-8.4810758551,-8.3223021425,-8.3560695594,-8.4902018316,-8.4737280703,-8.5840979167,-8.5646804135,-8.4195961484,-8.4184805316,-8.4561806248,-8.7451215221,-8.4687327108,-8.3226859279,-8.3930117471,-8.4283445253,-8.6982313265,-8.4409653189,-8.5192201166,-8.5162526478,-8.537232677,-8.7027120675,-8.4741090537,-8.5016915722,-8.4177526572,-8.5407868635,-8.72508817,-8.345321384,-8.5128778333,-8.7462577029,-8.715048632,-8.6345988492,-8.6172365397,-8.4496802257,-8.4812504114,-8.4784375595,-8.4451609353,-8.6080413339,-8.7511657355,-8.4791537129,-8.5217359931,-8.6087306111,-8.5178414314,-8.699462518,-8.7209517673,-8.6356999268,-8.7504103811,-8.6503235345,-8.5971191951,-8.6333151204,-8.5237824379,-8.5253622046,-8.6514115791,-8.7616965764,-8.6733565548,-8.6781773053,-8.5002572262,-8.4633881912],"1":[],"2":[]}}