{"W":{"0":[637.8782,634.99525,636.1348,635.03095,635.93805,634.7251,636.0765,639.09235,634.90875,637.9739,634.6067,635.6092,634.89165,635.98035,635.0294,637.905,635.13475,636.3806,634.6175,635.7201,635.10705,636.21785,638.8486,634.7334,638.18485,635.3801,638.0813,634.93615,635.7818,635.26565,636.17845,634.43945,635.6382,635.36725,636.3891,635.01555,638.05875,634.8254,638.4715,634.9722,637.98345,635.20305,636.0296,634.80525,638.07565,635.165,635.83465,634.97305,637.871,759.98985],"1":[],"2":[]},"F":{"0":[-2.49327605,-2.3455136,-2.29749215,-2.33577395,-2.3507275,-2.3128374,-2.29238245,-2.3199301,-2.28181,-2.2350041,-2.0166475,-2.12865255,-1.98550125,-2.03230175,-2.05405965,-1.99181115,-2.01033545,-1.92710485,-2.0084457,-1.98038635,-2.0787118,-1.9976519,-1.9774429,-2.00869605,-1.998272,-1.93616625,-2.0125361,-2.0619772,-1.95402925,-1.9491082,-1.87512995,-1.92917615,-1.9287467,-1.94671505,-2.0060086,-1.91221285,-1.90777535,-1.96464395,-1.96381565,-1.8980399,-2.0184926,-1.95278085,-2.0920969,-1.9685969,-1.94867485,-1.90383355,-1.97997035,-2.0736033,-1.9557505,-1.9539249],"1":[],"2":[]},"E":{"0":[-7.9937846768,-7.9650262855,-7.9979971496,-7.9768023357,-7.9677920104,-7.9825873328,-7.983834901,-7.9416016632,-7.9067265026,-7.9687785596,-7.9165171326,-7.9299011528,-7.9370879676,-7.9298920721,-7.943527065,-7.9764967025,-8.048696525,-8.0615398864,-7.9265124126,-8.0880838875,-7.9064482924,-8.0655730171,-7.9513754261,-8.0549548665,-7.9506983891,-8.078570373,-8.085795771,-8.0325686447,-8.0692531072,-8.0439566662,-8.0818682739,-7.8937881923,-8.0653579469,-8.0447810161,-8.0333144066,-8.0481965006,-7.9690974043,-8.0555982008,-8.1024369097,-8.0403280824,-8.0948007936,-8.02207857,-8.0739201671,-8.0491222318,-8.0934542014,-8.0223814363,-8.0510764497,-8.0406217286,-8.0661506503,-8.025846273],"1":[],"2":[]}}