{"W":{"0":[668.45465,667.2575,684.5355,683.94655,684.4793,667.49955,684.79755,667.02885,670.75095,687.9126,683.6126,684.9135,671.9178,683.53475,684.8301,683.5176,686.92665,683.99125,670.65875,683.66025,684.80245,667.52085,686.80135,683.88615,670.07205,683.6377,686.81405,683.5241,687.10255,687.8484,683.3871,684.71975,683.83495,687.0069,683.54865,687.0816,683.40555,684.79935,683.5721,684.51845,683.6342,687.1242,683.3186,687.0294,684.19005,687.1123,683.57095,687.2326,683.36865,809.7368],"1":[],"2":[]},"F":{"0":[2.4039088,2.39213065,2.3174478,2.38933665,2.3318976,2.3390089,2.3558238,2.30575165,2.2794041,2.33850985,2.29805485,2.364961,2.3321842,2.36595725,2.33314675,2.38392205,2.3451641,2.38950625,2.3451622,2.33345025,2.3303603,2.29322985,2.3573074,2.3376402,2.3425536,2.2579424,2.3468354,2.3166498,2.4121032,2.33097295,2.30724565,2.340836,2.39247725,2.3744752,2.34854545,2.41756915,2.3518109,2.35703695,2.3995459,2.41240615,2.393834,2.43041395,2.3832587,2.4556611,2.35197275,2.3845235,2.3851318,2.3887407,2.3835648,2.36137335],"1":[],"2":[]},"E":{"0":[-9.3265569763,-9.293592352,-8.7989597488,-8.8033489614,-8.8246910399,-9.3135233918,-8.8804486551,-9.1536991704,-9.3449455432,-8.8479640655,-8.760892263,-8.8748179159,-9.3364461853,-8.8249351783,-8.8776652753,-8.7479275454,-8.9265615545,-8.8426436585,-9.3315930467,-8.7819968643,-8.8474181788,-9.2912157533,-8.8833036983,-8.7949222162,-9.310101558,-8.816451809,-8.905020767,-8.7960493965,-8.8602103044,-8.7894964696,-8.9212065933,-8.8321069793,-8.7321908701,-8.8731313002,-8.8004501224,-8.8965384849,-8.8023731946,-8.9688794745,-8.7998190431,-8.8466752851,-8.7948146701,-8.8625747676,-8.7961186996,-8.8004238828,-8.9819070855,-8.847410665,-8.7822464619,-8.8639205433,-8.8023538888,-8.9969738182],"1":[],"2":[]}}