{"W":{"0":[472.7601,471.72715,472.7285,468.69015,472.9702,471.76755,472.5028,468.68525,474.7671,472.08965,473.14095,471.8766,472.45415,471.74725,467.81265,472.1059,472.63995,468.6186,472.6434,471.62585,467.74975,472.27555,472.7579,468.3365,472.6544,472.836,472.16,472.6162,468.7486,472.82785,471.78765,474.524,468.7182,472.7726,472.08115,474.8263,471.60825,474.6062,468.94725,472.90285,471.6411,472.5081,472.13795,472.72705,471.81685,472.7096,471.8103,472.81825,470.4292,592.6725],"1":[],"2":[]},"F":{"0":[1.469381,1.45542415,1.45244635,1.39122515,1.3606521,1.37338915,1.34183185,1.32978435,1.38567945,1.40793045,1.432491,1.4304572,1.3588938,1.3555146,1.3966297,1.4500701,1.39003215,1.4078649,1.4652783,1.3838656,1.4494569,1.48562285,1.43317445,1.4294335,1.44425485,1.4587993,1.43814265,1.46010865,1.39291875,1.4625508,1.43131275,1.45133175,1.43977595,1.43606635,1.4393507,1.46600705,1.43513105,1.461992,1.410034,1.44020205,1.4528434,1.44772045,1.45617035,1.438434,1.4514443,1.4282087,1.44059105,1.43314135,1.4434605,1.42272105],"1":[],"2":[]},"E":{"0":[-4.468766663,-4.4363248159,-4.4503508522,-4.4450356256,-4.4750296667,-4.4393850013,-4.4562573029,-4.4465074554,-4.4563875279,-4.4687436292,-4.4939274762,-4.4927931326,-4.4446613579,-4.446340246,-4.4652518951,-4.4767915631,-4.4507265906,-4.4624589756,-4.4744521992,-4.4606546919,-4.4697780473,-4.4870531933,-4.47469862,-4.450148732,-4.5042268213,-4.5027393407,-4.4839699045,-4.447916338,-4.4768685337,-4.4911280688,-4.4764433691,-4.4425010602,-4.4637731651,-4.4943989249,-4.4857573643,-4.4150989724,-4.4727681299,-4.4477178448,-4.4605146859,-4.4920592034,-4.4722541114,-4.4678934199,-4.4911838219,-4.4958372897,-4.464804344,-4.3924034771,-4.4997967209,-4.5401572921,-4.4826232661,-4.4746056353],"1":[],"2":[]}}