{"W":{"0":[843.76975,844.7072,840.70485,844.12595,840.1601,843.85375,844.6829,840.6463,844.15155,840.16245,843.87875,840.5484,843.73145,840.297,844.12455,845.3317,844.96315,841.9583,840.8565,843.63985,840.2818,844.01455,845.0654,844.89315,841.5408,840.71805,843.6109,840.1037,844.3525,840.2143,843.63705,840.76185,844.0914,844.97065,840.44715,841.662,845.31835,840.08935,841.4693,840.4423,844.25445,840.47625,844.33295,839.9281,843.7524,845.4151,840.25445,843.84105,840.86215,968.96855],"1":[],"2":[]},"F":{"0":[2.5853791,2.52699575,2.5401032,2.60474835,2.579517,2.58542275,2.62885595,2.5812385,2.5619376,2.52065825,2.61709745,2.60459085,2.59567575,2.6263432,2.56394005,2.61917995,2.67361125,2.5868175,2.6240784,2.61283715,2.5462508,2.58933395,2.58206775,2.623701,2.59141995,2.64131455,2.6137869,2.6772652,2.6085563,2.58830345,2.59343005,2.62008555,2.6336251,2.6630055,2.6801444,2.639126,2.6535053,2.61766045,2.6000984,2.56522855,2.56502625,2.5415903,2.6221274,2.5896532,2.571732,2.5347114,2.56357355,2.61978285,2.62862355,2.58654],"1":[],"2":[]},"E":{"0":[-23.3719635626,-26.9137554017,-26.4461518925,-24.0034917952,-26.9268439691,-24.518096739,-27.3797399274,-26.7454048225,-24.6712954271,-26.9892661527,-24.877559094,-27.2868650085,-25.6104565956,-27.1794851368,-24.6702144171,-28.7561436541,-25.1464051231,-27.9166542222,-28.1266471128,-24.4073170923,-27.0503641353,-24.8291402254,-28.5846077012,-25.4121571915,-27.7125015968,-27.7489005563,-27.9186583213,-28.1387009963,-25.3379145168,-27.6453675225,-28.1915472024,-29.9464722809,-24.2752505782,-28.0447542728,-27.7603825702,-27.781412159,-28.0726409827,-27.5917136331,-27.6950722596,-28.0476461625,-24.3651528281,-28.6463069197,-25.8828783126,-27.3231216598,-25.1738233012,-27.855168814,-28.7683447055,-25.9806485385,-27.3645881876,-25.1225905546],"1":[],"2":[]}}