Point No.,Normal Force [N],Gap [mm],Time [s]
1.0,4.302705,11.2188,234.8580
2.0,4.275923,11.2188,235.3580
3.0,4.262896,11.2188,235.8580
4.0,4.252586,11.2188,236.3580
5.0,4.242098,11.2187,236.8580
6.0,4.234749,11.2187,237.3580
7.0,4.227998,11.2187,237.8580
8.0,4.222923,11.2187,238.3580
9.0,4.218348,11.2187,238.8580
10.0,4.215943,11.2187,239.3580
11.0,4.213691,11.2187,239.8580
12.0,4.211033,11.2187,240.3580
13.0,4.208772,11.2187,240.8580
14.0,4.207580,11.2187,241.3580
15.0,4.205429,11.2187,241.8580
16.0,4.204030,11.2187,242.3580
17.0,4.201847,11.2187,242.8580
18.0,4.200731,11.2187,243.3580
19.0,4.198703,11.2187,243.8580
20.0,4.197298,11.2187,244.3580
21.0,4.196430,11.2187,244.8580
22.0,4.194912,11.2187,245.3580
23.0,4.193090,11.2187,245.8580
24.0,4.191505,11.2187,246.3580
25.0,4.190369,11.2187,246.8580
26.0,4.189679,11.2187,247.3580
27.0,4.189151,11.2187,247.8580
28.0,4.185991,11.2187,248.3580
29.0,4.185610,11.2187,248.8580
30.0,4.184507,11.2187,249.3580
31.0,4.183599,11.2187,249.8580
32.0,4.182977,11.2187,250.3580
33.0,4.181785,11.2187,250.8580
34.0,4.180814,11.2187,251.3580
35.0,4.179843,11.2187,251.8580
36.0,4.179242,11.2187,252.3580
37.0,4.178312,11.2187,252.8580
38.0,4.177585,11.2187,253.3580
39.0,4.176128,11.2187,253.8580
40.0,4.174878,11.2187,254.3580
