Point No.,Normal Force [N],Gap [mm],Time [s]
1.0,4.204166,11.2187,1549.3370
2.0,4.178789,11.2187,1549.8370
3.0,4.162208,11.2187,1550.3370
4.0,4.154159,11.2187,1550.8370
5.0,4.147389,11.2187,1551.3370
6.0,4.140255,11.2187,1551.8370
7.0,4.133708,11.2187,1552.3370
8.0,4.128437,11.2187,1552.8370
9.0,4.123395,11.2187,1553.3370
10.0,4.119852,11.2187,1553.8370
11.0,4.115446,11.2187,1554.3370
12.0,4.112645,11.2187,1554.8370
13.0,4.109479,11.2187,1555.3370
14.0,4.106816,11.2187,1555.8370
15.0,4.105097,11.2187,1556.3370
16.0,4.103230,11.2187,1556.8370
17.0,4.101271,11.2187,1557.3370
18.0,4.100502,11.2187,1557.8370
19.0,4.098483,11.2187,1558.3370
20.0,4.097210,11.2187,1558.8370
21.0,4.096507,11.2187,1559.3370
22.0,4.094764,11.2187,1559.8370
23.0,4.093854,11.2187,1560.3370
24.0,4.092474,11.2187,1560.8370
25.0,4.091497,11.2187,1561.3370
26.0,4.090798,11.2187,1561.8370
27.0,4.090280,11.2187,1562.3370
28.0,4.090251,11.2187,1562.8370
29.0,4.088208,11.2187,1563.3370
30.0,4.087455,11.2187,1563.8370
31.0,4.086692,11.2187,1564.3370
32.0,4.085404,11.2187,1564.8370
33.0,4.084787,11.2187,1565.3370
34.0,4.083841,11.2187,1565.8370
35.0,4.083557,11.2187,1566.3370
36.0,4.083624,11.2187,1566.8370
37.0,4.081891,11.2187,1567.3370
38.0,4.080474,11.2187,1567.8370
39.0,4.079593,11.2187,1568.3370
40.0,4.080225,11.2187,1568.8370
