Point No.,Normal Force [N],Gap [mm],Time [s]
1.0,0.003921,26.3479,489.9
2.0,0.006654,26.3980,490
3.0,0.006387,26.4479,490.1
4.0,0.004967,26.4980,490.2
5.0,0.003852,26.5480,490.3
6.0,0.004397,26.5981,490.4
7.0,0.006682,26.6481,490.5
8.0,0.007674,26.6981,490.6
9.0,0.007098,26.7481,490.7
10.0,0.005962,26.7981,490.8
11.0,0.007628,26.8481,490.9
12.0,0.007607,26.8981,491
13.0,0.007293,26.9480,491.1
14.0,0.006518,26.9976,491.2
